product_id,type,grace_period,credit_limit,first_year_fee,second_year_fee,min_age,max_age,citizenship,registration,work_experience,maximum,repayment_method,max_monthly_cashback,ndfl_2_3_4,bank_certificate,other_documents,pension_certificate,free_form_certificate,additional_income_proof,payment_system,cashback,cmtc_in,cmtc_out,cmtc_b_in,cmtc_b_out,mmtc_in,mmtc_out,mmtc_b_in,mmtc_b_out,product_name,bank,reviews_count,rating
01d0389d-f850-4352-a557-37ea6ddc4204,Mir Supreme,55 дней,любой,490 ₽ в месяц,490 ₽ в месяц,18 лет,70 лет,требуется,постоянная в любом регионе присутствия банка,не менее 3 месяцев,: до 30 %,валюта карты,,"по выбору, если требуется один или несколько документов из одной группы",нет требуется,нет требуется,нет требуется,нет требуется,нет требуется,Mir,У партнеров: 30 %; На всё: 1 %; Кафе и рестораны: 7 %,"2,9% (Любая)","2,9% (Любая)", , ,0% (до 500000), , , ,,,,
02acbe58-7aba-4aae-8577-9f4804bbd431,,180 дней,от 10 000 ₽ до 1 000 000 ₽,бесплатно,бесплатно,21 год,62 года,требуется,"временная в регионе обращения, постоянная в регионе обращения",не менее 3 месяцев,: до 30 %,валюта карты,,обязательно,нет требуется,"по выбору, если требуется один или несколько документов из одной группы",нет требуется,нет требуется,нет требуется,,"На всё: 1,5 %; Привет, Мир!: 30 %",0% (от 3000 до 30000),"5,9% (Любая)",500 000 в день,500 000 в день, , , , ,100+,Промсвязьбанк,13.0,7.2
02d82bb8-cbe0-4bb7-bb01-8f2808bf0c67,Mir Classic,51 день,от 20 000 ₽ до 100 000 ₽,бесплатно,бесплатно,20 лет,65 лет,требуется,постоянная в любом регионе присутствия банка,не менее 6 месяцев,до 0,валюта карты,,"по выбору, если требуется один или несколько документов из одной группы",нет требуется,нет требуется,нет требуется,нет требуется,нет требуется,Mir,, , , , , , , , ,,,,
05bacd22-f37c-4219-a29e-18658123f836,,1094 дня,до 150 000 ₽,бесплатно,бесплатно,19 лет,75 лет,требуется,постоянная в любом регионе присутствия банка,Для физических лиц: не менее 3 месяцев на текущем месте работы. Для индивидуальных предпринимателей: не менее 12 месяцев.,: до 35 %,валюта карты,,нет требуется,нет требуется,нет требуется,нет требуется,нет требуется,нет требуется,,У партнеров: 35 %,0% (до 60000),"5,99% (Любая)",100 000 в день,100 000 в день,0% (до 60000),"5,99% (Любая)",100 000 в день,100 000 в день,,,,
070cb60c-3487-4e6f-a9d8-f4d227377a3e,,,,,,,,,,,,,,,,,,,,,,,,,,,,,,Платинум,Т-Банк,477.0,9.0
0825d952-3d16-4407-a9df-ea088e22c3a8,,62 дня,до 750 000 ₽,0 — 75 ₽ в месяц,0 — 75 ₽ в месяц,20 лет,65 лет,требуется,постоянная,не менее 3 месяцев,: до 5 %,валюта карты,3 000,"по выбору, если требуется один или несколько документов из одной группы","по выбору, если требуется один или несколько документов из одной группы",нет требуется,нет требуется,нет требуется,нет требуется,,У партнеров: 5 %; На всё: 1 %, , , , , , , , ,,,,
10a9c8f8-d8b5-4619-8f2a-45ef2cb72c91,,123 дня,до 1 000 000 ₽,бесплатно,,18 лет,70 лет,требуется,постоянная в регионе обращения,не менее 3 месяцев,: до 30 %,баллы,3 000 баллов,"по выбору, если требуется один или несколько документов из одной группы","по выбору, если требуется один или несколько документов из одной группы",нет требуется,"по выбору, если требуется один или несколько документов из одной группы",нет требуется,нет требуется,,У партнеров: 30 %; На всё: 1 %; Красота и здоровье: 5 %; Товары для животных: 5 %; Такси: 5 %; Туры для путешествий: 5 %; Кино и развлечения: 5 %,"4,9% (от 400000)","4,9% (от 400000)",3 000 000 в месяц,3 000 000 в месяц,0% (Любая),0% (Любая),3 000 000 в месяц,3 000 000 в месяц,,,,
13207dc3-bd1e-4f82-92b8-940ed6f0e1fa,Mir Classic/Virtual,110 дней,от 10 000 ₽ до 1 000 000 ₽,бесплатно,бесплатно,18 лет,70 лет,требуется,постоянная в любом регионе присутствия банка,"стаж не менее 3-х месяцев на последнем месте работы. Требование не распространяется на пенсионеров, которые получают пенсию в ВТБ",: до 50 %,валюта карты,3 000,нет требуется,нет требуется,нет требуется,нет требуется,нет требуется,нет требуется,Mir,У партнеров: 50 %; На всё: 1 %,0% (до 100000),"5,9% (Любая)",350 000 в день,350 000 в день,0% (Любая),1% (Любая),350 000 в день,350 000 в день,,,,
14fc031b-4c5c-4f2b-b608-06e41438aac5,,55 дней,до 600 000 ₽,0 — 1 188 ₽ в год,0 — 1 188 ₽ в год,21 год,70 лет,требуется,постоянная,не менее 3 месяцев,: до 70 %,бонусы,3 000 бонусов,нет требуется,нет требуется,нет требуется,нет требуется,нет требуется,нет требуется,,У партнеров: 70 %; На всё: 1 %; Ж/Д билеты: 5 %; Электроника и бытовая техника: 5 %; Такси: 5 %; Кафе и рестораны: 5 %; Транспорт: 5 %; Дом и ремонт: 5 %; Одежда и обувь: 5 %, , , , , , , , ,,,,
15696be4-872a-42ea-b5df-9b4fe2acaaf7,Mir Classic,до 3 лет,до 500 000 ₽,бесплатно,бесплатно,18 лет,75 лет,требуется,постоянная в любом регионе присутствия банка,не менее 4 месяцев,: до 10 %,баллы,5 000 баллов,"по выбору, если требуется один или несколько документов из одной группы","по выбору, если требуется один или несколько документов из одной группы",нет требуется,нет требуется,нет требуется,нет требуется,Mir,У партнеров: 10 %,0% (Любая),0% (Любая),30 000 за одну операцию,30 000 за одну операцию,0% (до 150000),0% (до 3000),1 000 000 в месяц,1 000 000 в месяц,Карта «Халва» для пенсионеров,Совкомбанк,2231.0,9.7
15a395a2-b7e6-4937-897a-1a1354b4e722,,180 дней,до 1 000 000 ₽,бесплатно,,20 лет,62 года,требуется,постоянная,"от 3 месяцев, или не менее 1 года с даты последней регистрации в качестве ИП",до 0,валюта карты,,нет требуется,нет требуется,нет требуется,нет требуется,нет требуется,нет требуется,,,"5,9% (Любая)","5,9% (Любая)", , ,"5,9% (Любая)","5,9% (Любая)", , ,Кредитная карта 90 дней для самозанятых,Газпромбанк,293.0,7.6
15de0649-2ed8-43e3-9cb9-cf61b976d63f,,62 дня,до 750 000 ₽,5 000 ₽,,20 лет,65 лет,требуется,постоянная,не менее 6 месяцев,: до 30 %,валюта карты,3 000,"по выбору, если требуется один или несколько документов из одной группы","по выбору, если требуется один или несколько документов из одной группы",нет требуется,нет требуется,нет требуется,нет требуется,,"Привет, Мир!: 20 %; У партнеров: 30 %","3,5% (Любая)","4,5% (Любая)",500 000 в день,500 000 в день,0% (Любая),"4,5% (Любая)",500 000 в день,500 000 в день,,,,
16d5ad3d-4d22-4abd-ae4b-184d2ed25243,,180 дней,от 9 900 ₽ до 750 000 ₽,бесплатно,бесплатно,21 год,70 лет,требуется,"временная, постоянная",не менее 3 месяцев,: до 30 %,валюта карты,,нет требуется,нет требуется,нет требуется,"по выбору, если требуется один или несколько документов из одной группы",нет требуется,нет требуется,,"Привет, Мир!: 30 %",0% (Любая),0% (Любая), , ,0% (Любая),0% (Любая),1 500 000 в месяц,1 500 000 в месяц,,,,
1765519a-2560-4e2b-9aa3-dbd6c6853321,Mir Supreme,120 дней,до 5 000 000 ₽,0 — 1 490 ₽ в месяц,0 — 1 490 ₽ в месяц,18 лет,70 лет,требуется,постоянная,не менее 3 месяцев,: до 30 %,валюта карты,,нет требуется,нет требуется,нет требуется,нет требуется,нет требуется,нет требуется,Mir,"Привет, Мир!: 30 %",0% (Любая),0% (Любая),1 000 000 в день,1 000 000 в день,0% (Любая),0% (Любая),1 000 000 в день,1 000 000 в день,Премиальная MIR Supreme,Банк Уралсиб,21.0,7.5
182c9d1e-d89b-44b0-a28d-2b424023ba86,MasterСard Gold,62 дня,до 300 000 ₽,0 — 299 ₽ в месяц,0 — 299 ₽ в месяц,18 лет,70 лет,требуется,постоянная,не менее 3 месяцев,до 0,валюта карты,,нет требуется,нет требуется,нет требуется,нет требуется,нет требуется,нет требуется,MasterСard,, , , , , , , , ,,,,
196dc0d9-4133-4eba-bcff-90f410b15b28,Mir Classic,62 дня,от 10 000 ₽ до 500 000 ₽,бесплатно,0 — 1 000 ₽,21 год,65 лет,требуется,постоянная в любом регионе присутствия банка,От 3 месяцев.,: до 33 %,валюта карты,,"по выбору, если требуется один или несколько документов из одной группы",нет требуется,нет требуется,нет требуется,нет требуется,нет требуется,Mir,У партнеров: 33 %,5% (Любая),5% (Любая), , ,0% (Любая),0% (до 50000), , ,,,,
19f65d42-4a94-40e5-817a-4a66ff1a0230,Mir Classic,до 3 лет,до 500 000 ₽,бесплатно,бесплатно,18 лет,75 лет,требуется,постоянная в любом регионе присутствия банка,не менее 4 месяцев,: до 10 %,баллы,5 000 баллов,"по выбору, если требуется один или несколько документов из одной группы","по выбору, если требуется один или несколько документов из одной группы",нет требуется,нет требуется,нет требуется,нет требуется,Mir,У партнеров: 10 %; Такси: 10 %,0% (Любая),0% (Любая),30 000 за одну операцию,30 000 за одну операцию,0% (до 150000),"1,9% (от 150000)", , ,Карта Халва,Совкомбанк,2231.0,9.8
1ae7fe73-bfd7-46b5-88fe-db0398ca605a,,50 дней,от 30 000 ₽ до 150 000 ₽,бесплатно,бесплатно,23 года,70 лет,требуется,постоянная в любом регионе присутствия банка,не менее 1 месяца,до 0,валюта карты,,обязательно,нет требуется,нет требуется,нет требуется,нет требуется,нет требуется,,, , , , , , , , ,,,,
1bc27c93-09b8-40b4-8a32-2aa99a799892,,62 дня,от 30 000 ₽ до 150 000 ₽,бесплатно,бесплатно,21 год,65 лет,не требуется,постоянная,не менее 6 месяцев,: до 20 %,валюта карты,5 000,"по выбору, если требуется один или несколько документов из одной группы","по выбору, если требуется один или несколько документов из одной группы",нет требуется,нет требуется,нет требуется,нет требуется,,У партнеров: 20 %; На всё: 1 %, , , , , , , , ,,,,
1c1f9f63-d841-4310-a3d8-5a9299690d99,,61 день,от 9 900 ₽ до 750 000 ₽,бесплатно,бесплатно,21 год,70 лет,требуется,"временная, постоянная",не менее 3 месяцев,: до 30 %,валюта карты,10 000,нет требуется,нет требуется,нет требуется,"по выбору, если требуется один или несколько документов из одной группы",нет требуется,нет требуется,,У партнеров: 30 %; Красота и здоровье: 10 %; Спорттовары: 10 %; Каршеринг: 10 %,0% (до 50000),5% (Любая), , ,0% (до 50000),5% (Любая),1 500 000 в месяц,1 500 000 в месяц,,,,
1cd4e914-674c-4bdf-b8f5-83a5abc6a6b0,MasterСard World,50 дней,любой,1 500 ₽ в год,1 500 ₽ в год,19 лет,62 года,требуется,постоянная в любом регионе присутствия банка,не менее 3 месяцев,до 0,валюта карты,,нет требуется,нет требуется,нет требуется,нет требуется,нет требуется,нет требуется,MasterСard,, , , , ,0% (до 300000),0% (до 300000), , ,,,,
1fa1574c-1c57-49ad-adc0-e4a3468a31c1,,3 года,до 500 000 ₽,0 — 2 500 ₽ в месяц,0 — 2 500 ₽ в месяц,18 лет,75 лет,требуется,постоянная в любом регионе присутствия банка,не менее 4 месяцев,: до 10 %,баллы,5 000 баллов,"по выбору, если требуется один или несколько документов из одной группы","по выбору, если требуется один или несколько документов из одной группы",нет требуется,нет требуется,нет требуется,нет требуется,,На всё: 1 %; У партнеров: 10 %,0% (Любая),0% (Любая),30 000 за одну операцию,30 000 за одну операцию,0% (Любая),0% (Любая),1 000 000 в день,1 000 000 в день,Xalva Premium Card,Совкомбанк,2231.0,8.4
20c12610-5831-4ded-a0da-5f8e37e498c7,,120 дней,от 9 999 ₽ до 299 999 ₽,бесплатно,бесплатно,18 лет,70 лет,требуется,постоянная,От 3 месяцев.,: до 8 %,валюта карты,5 000,желательно или по требованию,нет требуется,нет требуется,нет требуется,нет требуется,нет требуется,,На всё: 1 %; Кафе и рестораны: 8 %; Кино и развлечения: 8 %; Аптеки: 8 %; Такси: 8 %; Дом и ремонт: 8 %; Авиабилеты: 8 %; Аренда автомобилей: 8 %; Бронирование отелей: 8 %; Транспорт: 8 %; Красота и здоровье: 8 %; Автоуслуги: 8 %; Фастфуд: 8 %; АЗС: 8 %; Спорттовары: 8 %; Каршеринг: 8 %; Цветы: 8 %; Детские товары: 8 %; Фитнес: 8 %; Одежда и обувь: 8 %,0% (до 20000),0% (до 20000),300 000 в день,300 000 в день,0% (Любая),0% (Любая),300 000 в день,300 000 в день,,,,
22385e3c-d7cf-45a9-a73b-aaeb7eb35821,,100 дней,от 10 000 ₽ до 3 000 000 ₽,бесплатно,,21 год,70 лет,требуется,постоянная в любом регионе присутствия банка,не менее 3 месяцев,до 0,валюта карты,,"по выбору, если требуется один или несколько документов из одной группы","по выбору, если требуется один или несколько документов из одной группы",нет требуется,"по выбору, если требуется один или несколько документов из одной группы",нет требуется,нет требуется,,, , ,1 000 000 в месяц,1 000 000 в месяц,0% (до 20000),0% (до 20000),1 000 000 в месяц,1 000 000 в месяц,,,,
2379bcc3-38fe-4de6-988f-49564032c8dc,,3 года,от 9 999 ₽ до 299 999 ₽,0 — 274 ₽ в месяц,,18 лет,70 лет,требуется,постоянная,От 3 месяцев.,до 0,валюта карты,,желательно или по требованию,нет требуется,нет требуется,нет требуется,нет требуется,нет требуется,,,0% (Любая),0% (Любая),300 000 в день,300 000 в день,0% (Любая),0% (Любая),300 000 в день,300 000 в день,,,,
262c601a-b227-4222-9d84-7bed57a9f5d5,Mir Classic,130 дней,от 10 000 ₽ до 1 000 000 ₽,бесплатно,бесплатно,18 лет,68 лет,требуется,постоянная в любом регионе присутствия банка,не менее 3-х месяцев.,: до 20 %,баллы,3 000 баллов,нет требуется,нет требуется,нет требуется,нет требуется,нет требуется,нет требуется,Mir,У партнеров: 20 %; На всё: 1 %; Цветы: 10 %; Маркетплейсы: 5 %; Супермаркеты: 3 %,0% (до 50000), , , ,0% (до 50000), , , ,,,,
2b8eace0-4c7c-4fe8-89da-fea943f8e3fe,Mir Supreme,180 дней,до 3 000 000 ₽,0 — 590 ₽ в месяц,0 — 590 ₽ в месяц,20 лет,62 года,требуется,постоянная,"от 3 месяцев, или не менее 1 года с даты последней регистрации в качестве ИП",до 0,валюта карты,,нет требуется,нет требуется,нет требуется,нет требуется,нет требуется,нет требуется,Mir,,0% (до 100000),0% (до 100000), , ,0% (до 100000),0% (до 100000), , ,,,,
2b9245da-496e-48be-8e9f-c34e26fef4b9,Mir Classic,130 дней,до 600 000 ₽,0 — 99 ₽ в месяц,0 — 99 ₽ в месяц,21 год,75 лет,требуется,постоянная в любом регионе присутствия банка,не менее 3 месяцев,: до 70 %,валюта карты,,нет требуется,нет требуется,нет требуется,нет требуется,нет требуется,нет требуется,Mir,У партнеров: 70 %; Ж/Д билеты: 5 %; Бронирование отелей: 6 %; Авиабилеты: 2 %, , , , , , , , ,,,,
2cb855ae-b03e-406d-bab5-661f465a3409,Mir Classic,120 дней,до 1 000 000 ₽,бесплатно,бесплатно,20 лет,75 лет,требуется,"временная, постоянная в любом регионе присутствия банка",Не менее 3х месяцев.,: до 30 %,бонусы,3 000 бонусов,"по выбору, если требуется один или несколько документов из одной группы","по выбору, если требуется один или несколько документов из одной группы","по выбору, если требуется один или несколько документов из одной группы",нет требуется,"по выбору, если требуется один или несколько документов из одной группы",нет требуется,Mir,"Привет, Мир!: 30 %; Красота и здоровье: 5 %; Канцтовары и книги: 5 %; Автоуслуги: 5 %; Ж/Д билеты: 5 %; Фастфуд: 5 %; Электроника и бытовая техника: 5 %; Товары для животных: 5 %; АЗС: 5 %; Кафе и рестораны: 5 %; Спорттовары: 5 %; Аптеки: 5 %; Детские товары: 5 %; Туры для путешествий: 5 %; Кино и развлечения: 5 %; Дом и ремонт: 5 %; Оптика: 5 %; Фитнес: 5 %; Одежда и обувь: 5 %", , , , , , , , ,,,,
2f252e42-2408-4418-8742-d44dcec1bae6,Mir Classic,55 дней,до 1 000 000 ₽,990 ₽ в год,990 ₽ в год,18 лет,70 лет,требуется,"временная, постоянная",не менее 3 месяцев,до 0,валюта карты,,нет требуется,нет требуется,нет требуется,нет требуется,нет требуется,нет требуется,Mir,, , , , , , , , ,,,,
30e21f90-d3b1-4941-8b8e-f86ff4573ad4,,150 дней,от 30 000 ₽ до 600 000 ₽,0 — 499 ₽ в месяц,0 — 499 ₽ в месяц,21 год,70 лет,требуется,постоянная в любом регионе присутствия банка,не менее 3 месяцев,: до 25 %,бонусы,5 000 бонусов,нет требуется,нет требуется,нет требуется,нет требуется,нет требуется,нет требуется,,У партнеров: 25 %; На всё: 1 %; Красота и здоровье: 5 %; Ж/Д билеты: 5 %; Электроника и бытовая техника: 5 %; АЗС: 5 %; Такси: 5 %; Кафе и рестораны: 5 %; Транспорт: 5 %; Дом и ремонт: 5 %; Одежда и обувь: 5 %, , , , , , , , ,UnionPay,Банк Русский Стандарт,20.0,8.0
348b238a-4c4f-4636-89f6-3e6373fe8045,,62 дня,до 500 000 ₽,бесплатно,,20 лет,65 лет,требуется,постоянная,не менее 3 месяцев,до 0,валюта карты,,"по выбору, если требуется один или несколько документов из одной группы","по выбору, если требуется один или несколько документов из одной группы",нет требуется,нет требуется,нет требуется,нет требуется,,, , , , , , , , ,,,,
34f967d8-5683-4733-a66e-27c42828977a,MasterСard World,55 дней,от 30 000 ₽ до 3 000 000 ₽,бесплатно,1 990 ₽,18 лет,70 лет,требуется,постоянная в любом регионе присутствия банка,не менее 3 месяцев,: до 7 %,валюта карты,,обязательно,нет требуется,нет требуется,нет требуется,нет требуется,нет требуется,MasterСard,"На всё: 1,5 %; Аренда автомобилей: 3 %; Бронирование отелей: 7 %; Авиабилеты: 2 %; Ж/Д билеты: 2 %","3,9% (Любая)","4,9% (Любая)",300 000 в день,300 000 в день, , , , ,,,,
369e559a-643d-4a03-adf3-ce0ea910d8fc,Mir Classic,40 дней,от 9 900 ₽ до 600 000 ₽,бесплатно,бесплатно,18 лет,70 лет,не требуется,"временная в регионе обращения, постоянная в любом регионе присутствия банка",не менее 3 месяцев,": до 1,5 %",баллы,5 000 баллов,"по выбору, если требуется один или несколько документов из одной группы","по выбору, если требуется один или несколько документов из одной группы",нет требуется,нет требуется,нет требуется,нет требуется,Mir,"На всё: 1,5 %", , , , , , , , ,Карта рассрочки CARD CREDIT,Кредит Европа Банк,8.0,8.0
396fcc26-fab3-4ef8-99c2-2c532ce075d9,Mir Classic,Нет,от 30 000 ₽ до 5 000 000 ₽,100 ₽ в месяц,100 ₽ в месяц,21 год,70 лет,требуется,постоянная в любом регионе присутствия банка,должен превышать 6 месяцев,до 0,валюта карты,,"по выбору, если требуется один или несколько документов из одной группы",нет требуется,"по выбору, если требуется один или несколько документов из одной группы",нет требуется,нет требуется,нет требуется,Mir,, , , , , , , , ,,,,
3a1b985d-43b1-4bfd-b533-3beda4313b5c,Mir Platinum,от 121 дня,до 1 000 000 ₽,590 ₽ в год,590 ₽ в год,18 лет,70 лет,не требуется,постоянная,не менее 3 месяцев,: до 30 %,баллы,,нет требуется,нет требуется,нет требуется,нет требуется,нет требуется,нет требуется,Mir,У партнеров: 30 %, , , , , , , , ,Платинум 120,Т-Банк,477.0,6.0
3c745b6f-1df8-4e77-9996-efa38cf62614,,62 дня,до 1 000 000 ₽,5 000 ₽,,20 лет,65 лет,требуется,постоянная,не менее 3 месяцев,: до 5 %,валюта карты,3 000,"по выбору, если требуется один или несколько документов из одной группы","по выбору, если требуется один или несколько документов из одной группы",нет требуется,нет требуется,нет требуется,нет требуется,,У партнеров: 5 %; На всё: 1 %, , , , , , , , ,,,,
3c8e9b40-9a33-45bd-99ab-6ace492255ce,Mir Classic,55 дней,до 1 000 000 ₽,1 890 ₽ в год,1 890 ₽ в год,18 лет,70 лет,требуется,"временная, постоянная",не менее 3 месяцев,до 0,валюта карты,,нет требуется,нет требуется,нет требуется,нет требуется,нет требуется,нет требуется,Mir,,0% (до 100000),0% (до 100000), , , , , , ,,,,
43a7a921-02e9-4c1b-b6b7-b95903eef332,,50 дней,до 1 500 000 ₽,бесплатно,бесплатно,20 лет,70 лет,требуется,"постоянная в регионе обращения, постоянная в любом регионе присутствия банка",не менее 3 месяцев,до 0,валюта карты,,"по выбору, если требуется один или несколько документов из одной группы","по выбору, если требуется один или несколько документов из одной группы",нет требуется,нет требуется,нет требуется,нет требуется,,,"3,5% (Любая)",4% (Любая),500 000 в день,500 000 в день,"3,5% (Любая)",4% (Любая),500 000 в день,500 000 в день,,,,
4966ba76-928e-4ada-94e2-2048df61319b,Mir Classic,60 дней,до 1 000 000 ₽,бесплатно,990 ₽,18 лет,70 лет,требуется,постоянная в любом регионе присутствия банка,не менее 3 месяцев,: до 50 %,валюта карты,5 000,нет требуется,нет требуется,нет требуется,нет требуется,нет требуется,нет требуется,Mir,У партнеров: 50 %,"3,9% (Любая)","3,9% (Любая)", , ,"3,9% (Любая)","3,9% (Любая)", , ,Кредитная карта Альфа-Банка,Альфа-Банк,1438.0,8.1
4a43e357-f125-4d43-bada-c1783a119cd9,Mir Supreme,до 60 дней,от 250 000 ₽ до 2 000 000 ₽,бесплатно,0 — 2 990 ₽,18 лет,70 лет,требуется,постоянная в любом регионе присутствия банка,не менее 3 месяцев,: до 50 %,валюта карты,15 000,нет требуется,нет требуется,нет требуется,нет требуется,нет требуется,нет требуется,Mir,У партнеров: 50 %; На всё: 1 %, , , , , , , , ,Премиальная кредитная карта Мир Supreme,Альфа-Банк,1438.0,6.5
4af5bc31-0b54-4e45-a675-0925eda08f11,Mir Supreme,55 дней,до 2 000 000 ₽,0 — 1 990 ₽ в месяц,0 — 1 990 ₽ в месяц,18 лет,70 лет,требуется,"временная, постоянная",не менее 3 месяцев,: до 10 %,валюта карты,,нет требуется,нет требуется,нет требуется,нет требуется,нет требуется,нет требуется,Mir,На всё: 1 %; Бронирование отелей: 10 %; Туры для путешествий: 10 %; Авиабилеты: 10 %; Ж/Д билеты: 5 %,0% (до 100000),0% (до 100000), , ,0% (до 100000),0% (до 100000), , ,,,,
4d94d190-023f-4b2c-bde0-b698ef1e0799,MasterСard Standard/Unembossed,50 дней,от 50 000 ₽ до 299 000 ₽,бесплатно,бесплатно,18 лет,70 лет,требуется,постоянная,не менее 3 месяцев,до 0,валюта карты,,"по выбору, если требуется один или несколько документов из одной группы","по выбору, если требуется один или несколько документов из одной группы",нет требуется,нет требуется,нет требуется,нет требуется,MasterСard,,3% (Любая),3% (Любая),300 000 в месяц,300 000 в месяц,3% (Любая),3% (Любая),300 000 в месяц,300 000 в месяц,,,,
53dd68f2-e6ee-4285-adac-6db69964f625,Mir Supreme,110 дней,до 1 000 000 ₽,0 — 60 000 ₽ в год,0 — 60 000 ₽ в год,18 лет,70 лет,требуется,постоянная в любом регионе присутствия банка,не менее 3 месяцев,: до 30 %,валюта карты,30 000,желательно или по требованию,желательно или по требованию,нет требуется,нет требуется,нет требуется,нет требуется,Mir,У партнеров: 30 %; Такси: 10 %; Кафе и рестораны: 7 %,0% (до 100000),"5,5% (Любая)", , ,0% (Любая),1% (Любая), , ,,,,
5429d0db-a91b-4cff-8203-446fdae8d040,Mir Classic,120 дней,до 2 000 000 ₽,бесплатно,бесплатно,21 год,69 лет,требуется,постоянная в любом регионе присутствия банка,не менее 3 месяцев,: до 35 %,бонусы,2 000 бонусов,обязательно,нет требуется,нет требуется,нет требуется,нет требуется,нет требуется,Mir,У партнеров: 35 %; Транспорт: 7 %; Супермаркеты: 7 %; Такси: 7 %; Кафе и рестораны: 7 %,"5,5% (Любая)","5,5% (Любая)", , ,0% (Любая),1% (Любая),3 500 000 в месяц,3 500 000 в месяц,Кредитная карта привилегий,Банк «ЗЕНИТ»,11.0,8.7
55db24e1-e9f7-47ec-8e1c-fa7cb20c6fee,,56 дней,от 150 000 ₽,бесплатно,бесплатно,21 год,60 лет,не требуется,"временная в регионе обращения, постоянная в любом регионе присутствия банка",не менее 3 месяцев,: до 25 %,валюта карты,5 000,"по выбору, если требуется один или несколько документов из одной группы","по выбору, если требуется один или несколько документов из одной группы",нет требуется,нет требуется,нет требуется,нет требуется,,У партнеров: 20 %; Канцтовары и книги: 25 %; ЖКХ: 10 %; Цветы: 5 %; Супермаркеты: 5 %; Красота и здоровье: 3 %; Аптеки: 3 %; Одежда и обувь: 3 %, , , , , , , , ,,,,
56890dfe-9663-4d6a-bf12-45a72a86523f,Mir Classic,55 дней,до 1 000 000 ₽,бесплатно,бесплатно,18 лет,70 лет,требуется,"временная, постоянная",не менее 3 месяцев,: до 30 %,бонусы,6 000 бонусов,нет требуется,нет требуется,нет требуется,нет требуется,нет требуется,нет требуется,Mir,У партнеров: 30 %; На всё: 1 %; Игры: 5 %; Электроника и бытовая техника: 2 %; Кафе и рестораны: 2 %; Транспорт: 2 %; Кино и развлечения: 2 %,0% (до 100000),2% (от 100000), , , , , , ,,,,
56de9849-4033-444f-945b-f291a933cff4,,120 дней,до 1 000 000 ₽,бесплатно,бесплатно,18 лет,75 лет,не требуется,постоянная в любом регионе присутствия банка,не менее 3 месяцев; в течение одного месяца из последних двух месяцев - если источником дохода является стипендия.,: до 3 %,валюта карты,,желательно или по требованию,нет требуется,нет требуется,нет требуется,нет требуется,нет требуется,,На всё: 1 %; Красота и здоровье: 3 %; Супермаркеты: 3 %; Фастфуд: 3 %; Электроника и бытовая техника: 3 %; Товары для животных: 3 %; АЗС: 3 %; Такси: 3 %; Кафе и рестораны: 3 %; Обучение: 3 %; Аптеки: 3 %; Маркетплейсы: 3 %; Детские товары: 3 %; Туры для путешествий: 3 %; Дом и ремонт: 3 %; Одежда и обувь: 3 %,0% (до 50000),0% (до 50000),100 000 в день,100 000 в день,0% (до 50000),0% (до 50000),100 000 в день,100 000 в день,,,,
58d1ddd1-448f-4fe6-95e2-f60ef5e84375,,115 дней,от 10 000 ₽ до 300 000 ₽,бесплатно,бесплатно,18 лет,62 года,требуется,постоянная в любом регионе присутствия банка,от 3 (трех) месяцев.,: до 30 %,бонусы,3 000 бонусов,желательно или по требованию,нет требуется,нет требуется,нет требуется,нет требуется,нет требуется,,На всё: 30 %; Фастфуд: 5 %; Кино и развлечения: 5 %; Одежда и обувь: 5 %,0% (до 50000),"3,9% (до 50000)",150 000 в день,150 000 в день,0% (Любая),2% (Любая),150 000 в день,150 000 в день,,,,
5a821427-0f8f-4ca0-a609-f934f57e8518,Mir Supreme,до 56 дней,от 15 000 ₽ до 10 000 000 ₽,0 — 16 000 ₽ в год,0 — 16 000 ₽ в год,21 год,65 лет,не требуется,постоянная в любом регионе присутствия банка,не менее 3 месяцев,: до 30 %,бонусы,5 000 бонусов,обязательно,нет требуется,нет требуется,нет требуется,нет требуется,нет требуется,Mir,У партнеров: 30 %; Канцтовары и книги: 25 %; ЖКХ: 10 %; Красота и здоровье: 3 %; Аптеки: 3 %; Одежда и обувь: 3 %; Цветы: 5 %; Супермаркеты: 5 %, , , , , , , , ,,,,
5dbeb084-9cfd-4236-ba8a-a6623ec4013f,"MasterСard World, Mir Classic",до 115 дней,до 1 500 000 ₽,бесплатно,бесплатно,18 лет,70 лет,не требуется,постоянная,не менее 3 месяцев,: до 30 %,валюта карты,3 000,обязательно,нет требуется,нет требуется,нет требуется,нет требуется,нет требуется,MasterСard,У партнеров: 30 %; АЗС: 5 %,0% (Любая),4% (Любая),1 500 000 в месяц,1 500 000 в месяц,0% (Любая),4% (Любая),1 500 000 в месяц,1 500 000 в месяц,,,,
632d1bab-aada-4ea0-b1b2-cf3299f42918,MasterСard World,55 дней,до 299 000 ₽,900 ₽ в год,900 ₽ в год,21 год,63 года,требуется,постоянная в регионе обращения,не менее 3 месяцев,до 0,валюта карты,,"по выбору, если требуется один или несколько документов из одной группы","по выбору, если требуется один или несколько документов из одной группы",нет требуется,нет требуется,нет требуется,нет требуется,MasterСard,, , , , , , , , ,,,,
642b9dcb-7f16-45b9-a46b-5022dec486b8,Mir Classic,110 дней,до 500 000 ₽,бесплатно,бесплатно,21 год,70 лет,требуется,постоянная в любом регионе присутствия банка,От 3 мес.,: до 3 %,валюта карты,3 000,"по выбору, если требуется один или несколько документов из одной группы","по выбору, если требуется один или несколько документов из одной группы","по выбору, если требуется один или несколько документов из одной группы",нет требуется,"по выбору, если требуется один или несколько документов из одной группы","по выбору, если требуется один или несколько документов из одной группы",Mir,На всё: 1 %; Дом и ремонт: 3 %,0% (до 10000),0% (до 10000),200 000 в день,200 000 в день, , ,200 000 в день,200 000 в день,,,,
646950a0-b3bd-4a3a-8f28-a8c861ee6c58,,60 дней,от 50 000 ₽,900 ₽ в год,900 ₽ в год,24 года,58 лет,требуется,постоянная в любом регионе присутствия банка,не менее 6-ти месяцев,до 0,валюта карты,,нет требуется,нет требуется,нет требуется,нет требуется,нет требуется,нет требуется,,,"3,5% (Любая)","3,5% (Любая)", , , , , , ,,,,
661ec847-0a7e-45a7-9739-1009c4f8661c,Mir Supreme,56 дней,от 300 000 ₽ до 3 000 000 ₽,0 — 990 ₽ в месяц,0 — 990 ₽ в месяц,21 год,73 года,требуется,постоянная,От 3 месяцев.,: до 5 %,валюта карты,15 000,"по выбору, если требуется один или несколько документов из одной группы",нет требуется,нет требуется,нет требуется,нет требуется,нет требуется,Mir,На всё: 1 %; Красота и здоровье: 5 %; Такси: 5 %; Кафе и рестораны: 5 %,"3,9% (Любая)","3,9% (Любая)",1 000 000 в день,1 000 000 в день,"3,9% (Любая)","3,9% (Любая)",1 000 000 в день,1 000 000 в день,,,,
6680aefe-2908-4f0e-b045-f67436447f72,Mir Classic,755 дней,до 600 000 ₽,бесплатно,бесплатно,20 лет,70 лет,не требуется,постоянная,не менее 3 месяцев,: до 50 %,валюта карты,,нет требуется,нет требуется,нет требуется,нет требуется,нет требуется,нет требуется,Mir,У партнеров: 50 %, , , , , , , , ,,,,
66eda434-b17d-4ae9-9884-cf2dd9659006,"Visa Platinum, MasterСard Platinum",50 дней,до 150 000 ₽,1 200 ₽ в год,1 200 ₽ в год,19 лет,62 года,требуется,постоянная в любом регионе присутствия банка,не менее 3 месяцев,до 0,валюта карты,,нет требуется,нет требуется,нет требуется,нет требуется,нет требуется,нет требуется,MasterСard,, , , , , , , , ,,,,
686602db-d6e8-438b-a6cd-8978eaed08be,,до 117 дней,до 1 000 000 ₽,бесплатно,бесплатно,21 год,67 лет,требуется,"временная в регионе обращения, постоянная в любом регионе присутствия банка",Не менее 3-х месяцев.,: до 20 %,валюта карты,6 000,обязательно,нет требуется,обязательно,нет требуется,нет требуется,нет требуется,,У партнеров: 7 %; На всё: 1 %; АЗС: 3 %; Красота и здоровье: 5 %; Театры: 20 %; Кино и развлечения: 20 %; Спорттовары: 8 %; Товары для животных: 6 %; Аптеки: 4 %; Маркетплейсы: 4 %,4% (Любая),4% (Любая),200 000 в день,200 000 в день,4% (Любая),4% (Любая),200 000 в день,200 000 в день,,,,
68e25664-7e58-4b5f-9aac-1d673438e743,Mir Classic,до 3 лет,до 500 000 ₽,бесплатно,бесплатно,18 лет,75 лет,требуется,постоянная в любом регионе присутствия банка,не менее 4 месяцев,: до 10 %,баллы,5 000 баллов,"по выбору, если требуется один или несколько документов из одной группы","по выбору, если требуется один или несколько документов из одной группы",нет требуется,нет требуется,нет требуется,нет требуется,Mir,У партнеров: 10 %; Такси: 10 %,0% (Любая), ,30 000 за одну операцию,30 000 за одну операцию,0% (до 150000),"1,9% (от 150000)", , ,Карта «Халва» «Мир»,Совкомбанк,2231.0,9.7
6b74e399-8f5a-4a4e-9f1a-fe5a60bb07df,Mir Supreme,111 дней,до 2 000 000 ₽,0 — 2 500 ₽ в месяц,0 — 2 500 ₽ в месяц,20 лет,70 лет,требуется,постоянная,не менее 3 месяцев,: до 10 %,валюта карты,10 000,нет требуется,нет требуется,нет требуется,нет требуется,нет требуется,нет требуется,Mir,На всё: 10 %; Туры для путешествий: 5 %,0% (Любая),"3,9% (Любая)",1 500 000 в день,1 500 000 в день,0% (Любая),"3,9% (Любая)",1 500 000 в день,1 500 000 в день,,,,
6f2297b3-eda4-48c6-b4a9-0746998348db,Mir Supreme,55 дней,любой,1 490 ₽ в месяц,1 490 ₽ в месяц,18 лет,70 лет,требуется,постоянная в любом регионе присутствия банка,не менее 3 месяцев,: до 30 %,валюта карты,,"по выбору, если требуется один или несколько документов из одной группы",нет требуется,нет требуется,нет требуется,нет требуется,нет требуется,Mir,У партнеров: 30 %; На всё: 1 %; Кафе и рестораны: 7 %,"2,9% (Любая)","2,9% (Любая)", , ,0% (до 1000000),0% (Любая), , ,,,,
6f54f045-7129-4dc7-a77f-d2015b5e6b09,,50 дней,до 1 000 000 ₽,бесплатно,бесплатно,18 лет,70 лет,не требуется,постоянная,не менее 3 месяцев,до 0,валюта карты,,нет требуется,нет требуется,нет требуется,нет требуется,нет требуется,нет требуется,,, , , , , , , , ,,,,
70678a3e-123d-4053-a52e-24029392afb1,,62 дня,до 300 000 ₽,600 ₽ в год,600 ₽ в год,21 год,60 лет,требуется,постоянная в любом регионе присутствия банка,не менее 6 месяцев,до 0,валюта карты,,обязательно,нет требуется,нет требуется,нет требуется,нет требуется,нет требуется,,,1% (Любая),1% (Любая),300 000 в день,300 000 в день,0% (Любая),0% (до 30000),300 000 в день,300 000 в день,,,,
70ae78d2-b613-4688-b69d-07f00468070e,,62 дня,до 300 000 ₽,бесплатно,бесплатно,21 год,60 лет,требуется,постоянная в любом регионе присутствия банка,не менее 6 месяцев,до 0,валюта карты,,обязательно,обязательно,нет требуется,нет требуется,нет требуется,нет требуется,,,1% (Любая),1% (Любая),300 000 в день,300 000 в день,0% (Любая),0% (до 30000),300 000 в день,300 000 в день,,,,
75b1c2fc-657f-4f60-9980-9863bdf17912,Mir Classic,55 дней,до 1 000 000 ₽,990 ₽ в год,990 ₽ в год,18 лет,70 лет,требуется,"временная, постоянная",не менее 3 месяцев,: до 30 %,бонусы,3 000 бонусов,нет требуется,нет требуется,нет требуется,нет требуется,нет требуется,нет требуется,Mir,У партнеров: 30 %; На всё: 1 %,0% (до 100000),0% (до 100000), , , , , , ,,,,
75cdcd4f-b8c2-4783-84bb-c0d0851c2a97,Mir Classic,120 дней,до 1 500 000 ₽,бесплатно,бесплатно,18 лет,70 лет,требуется,постоянная,не менее 3 месяцев,: до 30 %,баллы,5 000 баллов,нет требуется,нет требуется,нет требуется,нет требуется,нет требуется,нет требуется,Mir,"Привет, Мир!: 30 %", , , , ,0% (Любая),"4,9% (Любая)",100 000 в день,100 000 в день,,,,
7602de5d-8b54-4d8b-aeeb-3fc2f981fec5,"MasterСard Gold, Mir Virtual",56 дней,до 700 000 ₽,0 — 149 ₽ в месяц,0 — 149 ₽ в месяц,21 год,66 лет,требуется,постоянная в регионе обращения,не менее 3 месяцев,: до 15 %,баллы,3 000 баллов,нет требуется,желательно или по требованию,нет требуется,нет требуется,нет требуется,нет требуется,MasterСard,На всё: 1 %; У партнеров: 15 %; Транспорт: 15 %; Театры: 7 %; Кино и развлечения: 7 %; Автоуслуги: 5 %; АЗС: 5 %; Такси: 5 %; Каршеринг: 5 %; Дом и ремонт: 5 %; Кафе и рестораны: 4 %; Фитнес: 4 %; Одежда и обувь: 4 %; Красота и здоровье: 3 %; Электроника и бытовая техника: 3 %; Маркетплейсы: 3 %; Бронирование отелей: 3 %; Цветы: 3 %,"5,99% (Любая)","5,99% (Любая)",100 000 в день,300 000 в месяц,0% (Любая),1% (Любая),100 000 в день,300 000 в месяц,,,,
7bcbe482-b2b6-40be-a50a-b4f53f7b120b,,120 дней,до 1 000 000 ₽,бесплатно,бесплатно,18 лет,70 лет,требуется,постоянная в любом регионе присутствия банка,не менее 3 месяцев,до 0,валюта карты,,нет требуется,нет требуется,нет требуется,нет требуется,нет требуется,нет требуется,,,0% (Любая),0% (Любая),150 000 в день,150 000 в день,0% (Любая),0% (Любая),150 000 в день,150 000 в день,,,,
7c09288b-57c3-4974-b333-15edbc001646,Mir Classic,90 дней,до 1 000 000 ₽,590 ₽,1 690 ₽,20 лет,62 года,не требуется,постоянная,не менее 3 месяцев,до 0,валюта карты,,нет требуется,нет требуется,нет требуется,нет требуется,нет требуется,нет требуется,Mir,, , , , , , , , ,,,,
7c4ded39-888e-4426-9d6b-fb0cb6654a94,Visa Signature,до 110 дней,до 1 000 000 ₽,0 — 5 000 ₽ в месяц,0 — 5 000 ₽ в месяц,18 лет,70 лет,требуется,постоянная в любом регионе присутствия банка,не менее 3 месяцев,: до 30 %,валюта карты,30 000,"по выбору, если требуется один или несколько документов из одной группы","по выбору, если требуется один или несколько документов из одной группы",нет требуется,нет требуется,нет требуется,нет требуется,Visa,У партнеров: 30 %,0% (до 100000),"5,9% (Любая)",400 000 в день,400 000 в день,0% (Любая),1% (Любая),400 000 в день,400 000 в день,,,,
7da50bc7-4b66-420b-b942-0fe66e02cd4b,MasterСard World,50 дней,любой,1 500 ₽ в год,1 500 ₽ в год,19 лет,62 года,требуется,постоянная в любом регионе присутствия банка,не менее 3 месяцев,: до 1 %,валюта карты,,нет требуется,нет требуется,нет требуется,нет требуется,нет требуется,нет требуется,MasterСard,На всё: 1 %, , , , , , , , ,,,,
7f02daa3-66fa-4dd8-9b97-e38c56132232,Mir Classic,55 дней,до 1 000 000 ₽,990 ₽ в год,990 ₽ в год,18 лет,70 лет,требуется,"временная, постоянная",не менее 3 месяцев,: до 3 %,баллы,6 000 баллов,нет требуется,нет требуется,нет требуется,нет требуется,нет требуется,нет требуется,Mir,У партнеров: 3 %; На всё: 1 %; АЗС: 2 %; Кафе и рестораны: 2 %,0% (до 100000), , , , , , , ,,,,
808b9122-3f9f-4bc9-868c-ec1df2bb021f,Mir Classic,Нет,до 600 000 ₽,бесплатно,бесплатно,21 год,75 лет,не требуется,постоянная,не менее 3 месяцев,: до 70 %,валюта карты,,нет требуется,нет требуется,нет требуется,нет требуется,нет требуется,нет требуется,Mir,"У партнеров: 70 %; На всё: 1 %; Привет, Мир!: 25 %; Такси: 10 %; Фастфуд: 5 %; АЗС: 5 %; Кафе и рестораны: 5 %; Транспорт: 5 %; Одежда и обувь: 5 %", , , , , , , , ,,,,
81d0074e-9bba-411b-9a7b-fad60a988786,,120 дней,1 000 000 ₽,бесплатно,бесплатно,18 лет,23 года,не требуется,постоянная,не менее 3 месяцев,: до 30 %,валюта карты,,нет требуется,нет требуется,нет требуется,нет требуется,нет требуется,нет требуется,,У партнеров: 30 %, , , , , , , , ,,,,
841c2bd3-cb19-419d-8f75-9a031d04601c,Visa Classic,до 62 дней,от 10 000 ₽ до 500 000 ₽,бесплатно,бесплатно,18 лет,70 лет,не требуется,постоянная,не менее 3 месяцев,до 0,валюта карты,,обязательно,нет требуется,нет требуется,нет требуется,нет требуется,нет требуется,Visa,, , , , , , , , ,,,,
8468f42c-9eb1-45c9-b041-0dd5714eb0b1,,415 дней,до 1 000 000 ₽,бесплатно,бесплатно,18 лет,70 лет,требуется,постоянная,от 3-х месяцев,: до 5 %,валюта карты,10 000,нет требуется,нет требуется,нет требуется,нет требуется,нет требуется,нет требуется,,На всё: 1 %; Супермаркеты: 5 %; Кафе и рестораны: 5 %; Фастфуд: 3 %; Одежда и обувь: 3 %,0% (до 50000),0% (до 50000), , ,0% (Любая),0% (Любая), , ,,,,
849acc2d-5704-4310-ae22-9e70cb6ba80d,Mir Classic,55 дней,до 1 000 000 ₽,бесплатно,бесплатно,18 лет,70 лет,требуется,"временная, постоянная",не менее 3 месяцев,: до 30 %,валюта карты,6 000,нет требуется,нет требуется,нет требуется,нет требуется,нет требуется,нет требуется,Mir,На всё: 1 %; У партнеров: 30 %; АЗС: 10 %; Автоуслуги: 5 %, , , , , , , , ,,,,
867546aa-7247-405a-a1c8-58e2c28d25eb,Visa Classic/Gold,51 день,от 5 000 ₽,бесплатно,бесплатно,18 лет,65 лет,требуется,постоянная в любом регионе присутствия банка,не менее 4 месяцев,до 0,валюта карты,,нет требуется,нет требуется,нет требуется,нет требуется,нет требуется,нет требуется,Visa,, , , , ,0% (Любая),1% (Любая),150 000 в день,150 000 в день,,,,
88c84bda-b84c-4499-9a45-7df671d50f40,MasterСard World,120 дней,до 300 000 ₽,бесплатно,бесплатно,21 год,62 года,требуется,постоянная в любом регионе присутствия банка,не менее 4 месяцев,: до 5 %,валюта карты,3 000,обязательно,нет требуется,нет требуется,нет требуется,нет требуется,нет требуется,MasterСard,Супермаркеты: 5 %; Ж/Д билеты: 5 %; Аптеки: 5 %; АЗС: 5 %; Такси: 5 %; Кафе и рестораны: 5 %,0% (до 30000), ,300 000 в день, ,0% (до 30000), ,300 000 в день, ,,,,
8b89c6f6-69fa-4142-835d-6b6b5077930e,Mir Classic,4 месяца,до 5 000 000 ₽,бесплатно,бесплатно,20 лет,70 лет,требуется,постоянная,не менее 3 месяцев,: до 30 %,валюта карты,,нет требуется,нет требуется,нет требуется,нет требуется,нет требуется,нет требуется,Mir,У партнеров: 30 %,0% (Любая),0% (Любая),300 000 в день,300 000 в день, , , , ,120 дней на максимум,Банк Уралсиб,21.0,8.8
8ca05410-283d-4bb2-8720-1264a95f46c6,MasterСard Standard,до 50 дней,до 200 000 ₽,бесплатно,бесплатно,20 лет,65 лет,требуется,постоянная в регионе обращения,не менее 3 месяцев,до 0,валюта карты,,"по выбору, если требуется один или несколько документов из одной группы","по выбору, если требуется один или несколько документов из одной группы",нет требуется,нет требуется,нет требуется,нет требуется,MasterСard,, , , , , , , , ,,,,
8eef1d02-4604-48dc-b63c-9a6d3d7f29d0,,100 дней,до 200 000 ₽,бесплатно,бесплатно,21 год,65 лет,требуется,постоянная в любом регионе присутствия банка,"для лиц, получающих з/плату на банковский счет в АО «Кузнецкбизнесбанк не менее трех месяцев, для прочих граждан не менее 6-ти месяцев. (допускается смена работы переводом или разрывом трудового стажа не более 5-ти рабочих дней в случае увольнения).",до 0,валюта карты,,"по выбору, если требуется один или несколько документов из одной группы","по выбору, если требуется один или несколько документов из одной группы",желательно или по требованию,желательно или по требованию,нет требуется,нет требуется,,,4% (Любая), , , ,4% (Любая), , , ,,,,
90ae3428-0e4e-4db5-b60c-c8ef32f9e1f4,,до 3 лет,до 500 000 ₽,бесплатно,бесплатно,18 лет,75 лет,требуется,постоянная в любом регионе присутствия банка,не менее 4 месяцев,: до 10 %,баллы,5 000 баллов,"по выбору, если требуется один или несколько документов из одной группы","по выбору, если требуется один или несколько документов из одной группы",нет требуется,нет требуется,нет требуется,нет требуется,,У партнеров: 10 %,0% (Любая),0% (Любая),30 000 за одну операцию,30 000 за одну операцию,0% (до 150000),0% (до 3000),1 000 000 в месяц,1 000 000 в месяц,Социальная карта «Халва»,Совкомбанк,2231.0,9.5
90f6abac-9409-4bdb-9b26-d6b2f1de299a,Mir Supreme,120 дней,от 200 000 ₽ до 1 500 000 ₽,бесплатно,бесплатно,18 лет,70 лет,требуется,постоянная в любом регионе присутствия банка,не менее 3 месяцев,: до 5 %,валюта карты,,нет требуется,нет требуется,нет требуется,нет требуется,нет требуется,нет требуется,Mir,Маркетплейсы: 5 %; Спорттовары: 5 %; Дом и ремонт: 5 %; Фитнес: 5 %; Одежда и обувь: 5 %,0% (Любая),0% (Любая),150 000 в день,150 000 в день,0% (Любая),0% (Любая),150 000 в день,150 000 в день,,,,
9c450e53-fc2c-406d-baf5-3f5ceaa378ef,,55 дней,до 2 000 000 ₽,0 — 1 990 ₽ в месяц,0 — 1 990 ₽ в месяц,18 лет,70 лет,требуется,"временная, постоянная",не менее 3 месяцев,до 0,валюта карты,,нет требуется,нет требуется,нет требуется,нет требуется,нет требуется,нет требуется,,,0% (до 100000),2% (до 100000), , , , , , ,,,,
9defd7b7-35bc-4f0e-918c-5981e73680b5,"Visa Signature, MasterСard World",50 дней,до 150 000 ₽,2 000 ₽ в год,2 000 ₽ в год,19 лет,62 года,требуется,постоянная в любом регионе присутствия банка,не менее 3 месяцев,до 0,валюта карты,,нет требуется,нет требуется,нет требуется,нет требуется,нет требуется,нет требуется,MasterСard,, , , , , , , , ,,,,
N/A,,,,,,,,,,,,,,,,,,,,,,,,,,,,,,N/A,N/A,0.0,0.0
a06af17f-b4c2-47f7-8b07-0f321b28529c,Mir Classic,120 дней,до 750 000 ₽,бесплатно,бесплатно,23 года,65 лет,не требуется,постоянная,не менее 3 месяцев,: до 30 %,валюта карты,2 000,нет требуется,нет требуется,нет требуется,нет требуется,нет требуется,нет требуется,Mir,"На всё: 1 %; Привет, Мир!: 30 %; Аптеки: 5 %; Детские товары: 5 %; Кино и развлечения: 5 %","4,5% (от 10000)","4,5% (от 10000)",250 000 в день,250 000 в день,1% (Любая),1% (Любая),250 000 в день,250 000 в день,,,,
a0b328ee-301d-47f2-b6c0-73bf4afd5a87,,90 дней,любой,бесплатно,бесплатно,18 лет,70 лет,требуется,постоянная в любом регионе присутствия банка,не менее 3 месяцев,: до 30 %,валюта карты,,"по выбору, если требуется один или несколько документов из одной группы",нет требуется,нет требуется,нет требуется,нет требуется,нет требуется,,У партнеров: 30 %; На всё: 1 %,"2,9% (Любая)","2,9% (Любая)", , , ,0% (до 250000), , ,,,,
a68221f7-2bbf-4481-b149-8eaf07d752de,,62 дня,до 300 000 ₽,600 ₽ в год,600 ₽ в год,21 год,60 лет,требуется,постоянная в любом регионе присутствия банка,не менее 6 месяцев,: до 35 %,валюта карты,,обязательно,обязательно,нет требуется,нет требуется,нет требуется,нет требуется,,"У партнеров: 35 %; Привет, Мир!: 20 %",1% (Любая),1% (Любая),300 000 в день,300 000 в день,0% (Любая),1% (от 30000),300 000 в день,300 000 в день,,,,
aa1d4c93-3339-4287-b7ba-af39beddfef7,,100 дней,от 5 000 ₽ до 2 000 000 ₽,бесплатно,,21 год,65 лет,требуется,"временная в регионе обращения, постоянная в любом регионе присутствия банка",Не менее 4 месяцев,до 0,валюта карты,,"по выбору, если требуется один или несколько документов из одной группы","по выбору, если требуется один или несколько документов из одной группы",нет требуется,"по выбору, если требуется один или несколько документов из одной группы",нет требуется,нет требуется,,, , , , ,0% (Любая),1% (Любая),300 000 в день,300 000 в день,,,,
aa484c6c-8d36-4ff5-9384-48a361ba3189,Mir Classic,100 дней,от 10 000 ₽ до 3 000 000 ₽,бесплатно,0 — 1 000 ₽,21 год,73 года,требуется,постоянная в любом регионе присутствия банка,От 3 месяцев.,до 0,валюта карты,,"по выбору, если требуется один или несколько документов из одной группы","по выбору, если требуется один или несколько документов из одной группы","по выбору, если требуется один или несколько документов из одной группы",нет требуется,"по выбору, если требуется один или несколько документов из одной группы",нет требуется,Mir,, , , , , , , , ,,,,
ad0ee097-4c36-4e66-b6da-201257ddc9e4,Mir Classic,55 дней,до 1 000 000 ₽,500 ₽ в год,500 ₽ в год,21 год,57 лет,требуется,постоянная в любом регионе присутствия банка,От 6 месяцев.,: до 1 %,валюта карты,3 000,"по выбору, если требуется один или несколько документов из одной группы","по выбору, если требуется один или несколько документов из одной группы",нет требуется,нет требуется,нет требуется,нет требуется,Mir,На всё: 1 %, , , , , , , , ,,,,
adc5770a-6fb0-48b6-aa85-dfb0ca206b7e,"UnionPay Classic/Instant Issue, Mir Classic/Momentum",115 дней,до 1 000 000 ₽,бесплатно,бесплатно,21 год,73 года,требуется,постоянная,не менее 4 месяцев,: до 15 %,баллы,6 000 баллов,обязательно,нет требуется,нет требуется,нет требуется,нет требуется,нет требуется,Mir,Канцтовары и книги: 15 %; Обучение: 15 %; Кафе и рестораны: 15 %; Туры для путешествий: 15 %; Кино и развлечения: 15 %; Аптеки: 15 %; Такси: 15 %; Дом и ремонт: 15 %; Бронирование отелей: 15 %; Транспорт: 15 %; Игры: 15 %; Красота и здоровье: 15 %; Автоуслуги: 15 %; Электроника и бытовая техника: 15 %; Товары для животных: 15 %; АЗС: 15 %; Спорттовары: 15 %; Каршеринг: 15 %; Цветы: 15 %; Детские товары: 15 %; Одежда и обувь: 15 %; На всё: 4 %,0% (Любая),"4,9% (Любая)",1 000 000 в месяц,1 000 000 в месяц, , ,1 000 000 в месяц,1 000 000 в месяц,СВОЯ кредитная карта,Россельхозбанк,80.0,8.4
b51257b0-fed9-46cb-ba40-6c1edc4f1736,MasterСard Platinum/Unembossed,112 дней,от 50 000 ₽ до 299 000 ₽,0 — 99 ₽ в месяц,0 — 99 ₽ в месяц,18 лет,70 лет,требуется,постоянная,не менее 3 месяцев,: до 1 %,валюта карты,,"по выбору, если требуется один или несколько документов из одной группы","по выбору, если требуется один или несколько документов из одной группы",нет требуется,нет требуется,нет требуется,нет требуется,MasterСard,На всё: 1 %,"2,5% (Любая)","2,5% (Любая)",300 000 в месяц,300 000 в месяц,"2,5% (Любая)","2,5% (Любая)",300 000 в месяц,300 000 в месяц,,,,
b5b44bb8-95a7-4f7b-87a9-33fd7e082508,Mir Classic,55 дней,до 600 000 ₽,бесплатно,бесплатно,18 лет,65 лет,требуется,постоянная,не менее 3 месяцев,: до 7 %,баллы,5 000 баллов,"по выбору, если требуется один или несколько документов из одной группы","по выбору, если требуется один или несколько документов из одной группы",нет требуется,нет требуется,нет требуется,нет требуется,Mir,Кино и развлечения: 7 %; Красота и здоровье: 4 %; Кафе и рестораны: 4 %; Одежда и обувь: 4 %; На всё: 1 %, , , , , , , , ,Карта с овердрафтом CARD CREDIT PLUS,Кредит Европа Банк,8.0,8.7
b690732d-cc9a-4b2a-998f-894c9895c2db,Visa Classic/Gold,50 дней,до 500 000 ₽,400 — 1 800 ₽ в год,400 — 1 800 ₽ в год,21 год,70 лет,требуется,постоянная в регионе обращения,от 3 месяцев,: до 15 %,валюта карты,,обязательно,нет требуется,нет требуется,нет требуется,нет требуется,нет требуется,Visa,У партнеров: 15 %,"4,5% (Любая)","4,5% (Любая)", , ,"4,5% (Любая)","4,5% (Любая)", , ,,,,
b933886e-2015-4c32-b102-f1ccf1c543bb,,50 дней,до 1 000 000 ₽,2 500 ₽ в год,2 500 ₽ в год,18 лет,70 лет,не требуется,постоянная,не менее 3 месяцев,до 0,валюта карты,,"по выбору, если требуется один или несколько документов из одной группы","по выбору, если требуется один или несколько документов из одной группы",нет требуется,нет требуется,нет требуется,нет требуется,,, , , , , , , , ,,,,
b9658721-8e16-41de-9a3e-0ae9747a0ee1,,50 дней,до 500 000 ₽,бесплатно,бесплатно,21 год,65 лет,не требуется,постоянная,не менее 3 месяцев,до 0,валюта карты,,обязательно,нет требуется,обязательно,обязательно,нет требуется,нет требуется,,, , , , , , , , ,,,,
bcde7e35-de83-472b-b242-45abbd72119c,Mir Classic,120 дней,до 1 000 000 ₽,бесплатно,бесплатно,18 лет,70 лет,требуется,"временная, постоянная",не менее 3 месяцев,: до 30 %,бонусы,20 000 бонусов,нет требуется,нет требуется,нет требуется,нет требуется,нет требуется,нет требуется,Mir,У партнеров: 30 %; На всё: 1 %; Супермаркеты: 5 %; Электроника и бытовая техника: 5 %; АЗС: 5 %; Такси: 5 %; Кафе и рестораны: 5 %; Каршеринг: 5 %; Дом и ремонт: 5 %; Одежда и обувь: 5 %,3% (Любая),3% (Любая),500 000 в день,500 000 в день,3% (Любая),3% (Любая),500 000 в день,500 000 в день,,,,
c1d98f7e-abc8-48a8-a476-039cd7fb8706,Visa Classic,62 дня,до 1 000 000 ₽,бесплатно,бесплатно,18 лет,70 лет,не требуется,постоянная,не менее 3 месяцев,до 0,валюта карты,,обязательно,нет требуется,нет требуется,нет требуется,нет требуется,нет требуется,Visa,, , , , , , , , ,,,,
c2a818ad-448a-4872-b709-dbb7d3d6f2eb,Mir Classic,55 дней,до 1 000 000 ₽,1 890 ₽ в год,1 890 ₽ в год,18 лет,70 лет,требуется,"временная, постоянная",не менее 3 месяцев,до 0,валюта карты,,нет требуется,нет требуется,нет требуется,нет требуется,нет требуется,нет требуется,Mir,,0% (до 100000),0% (до 100000), , , , , , ,,,,
c9b06b97-1abc-4693-b586-491ba9753df6,,212 дней,от 30 000 ₽ до 500 000 ₽,бесплатно,бесплатно,21 год,70 лет,требуется,"временная в регионе обращения, постоянная в регионе обращения",Для работающих по найму — стаж на последнем месте работы от 3 месяцев Для пенсионеров — регулярное поступление пенсионных или иных социальных выплат Для индивидуальных предпринимателей — стаж ведения ИП не менее 6 месяцев Для самозанятых — срок регистрации в качестве самозанятых не менее 6 месяцев,: до 7 %,баллы,5 000 баллов,"по выбору, если требуется один или несколько документов из одной группы","по выбору, если требуется один или несколько документов из одной группы",нет требуется,"по выбору, если требуется один или несколько документов из одной группы",нет требуется,нет требуется,,"На всё: 1,5 %; Красота и здоровье: 7 %; Канцтовары и книги: 7 %; Автоуслуги: 7 %; АЗС: 7 %; Аптеки: 7 %; Кафе и рестораны: 7 %; Спорттовары: 7 %; Кино и развлечения: 7 %; Дом и ремонт: 7 %; Одежда и обувь: 7 %",0% (до 30000),"4,9% (от 30000)",150 000 в день,150 000 в день,0% (Любая),0% (Любая),150 000 в день,150 000 в день,,,,
ca0c1953-e919-486d-8a29-c232217d3903,Mir Classic,до 60 дней,от 10 000 ₽ до 300 000 ₽,0 — 590 ₽,1 490 ₽,18 лет,70 лет,требуется,постоянная в любом регионе присутствия банка,не менее 3 месяцев,до 0,валюта карты,,нет требуется,нет требуется,нет требуется,нет требуется,нет требуется,нет требуется,Mir,, , , , ,0% (до 50000), , , ,,,,
cb4dfbb1-fbbe-4fd7-8ebc-f32fe1f3e2e2,MasterСard World,55 дней,от 30 000 ₽ до 3 000 000 ₽,бесплатно,1 990 ₽,,,,,,до 0,валюта карты,,обязательно,нет требуется,нет требуется,нет требуется,нет требуется,нет требуется,MasterСard,, , , , , , , , ,,,,
cc1da468-072b-43dd-b098-14bb0280c78a,"Visa Classic, MasterСard World",50 дней,до 150 000 ₽,1 500 ₽ в год,1 500 ₽ в год,19 лет,62 года,требуется,постоянная в любом регионе присутствия банка,не менее 3 месяцев,до 0,валюта карты,,нет требуется,нет требуется,нет требуется,нет требуется,нет требуется,нет требуется,MasterСard,, , , , , , , , ,,,,
ccae8ad3-63a1-4998-a20f-a1ca6e03bb77,,112 дней,от 15 000 ₽ до 600 000 ₽,бесплатно,бесплатно,21 год,70 лет,требуется,"временная в регионе обращения, постоянная в регионе обращения",не менее 6 месяцев.,: до 2 %,валюта карты,3 000,"по выбору, если требуется один или несколько документов из одной группы","по выбору, если требуется один или несколько документов из одной группы",нет требуется,"по выбору, если требуется один или несколько документов из одной группы",нет требуется,нет требуется,,Супермаркеты: 2 %; Ж/Д билеты: 2 %; Такси: 2 %; Кафе и рестораны: 2 %; Транспорт: 2 %,4% (Любая),5% (Любая),300 000 в день,300 000 в день,4% (Любая),5% (Любая),300 000 в день,300 000 в день,,,,
cda76c41-4e61-4a1e-9965-897786a0cefc,Mir Virtual,110 дней,до 1 000 000 ₽,бесплатно,бесплатно,18 лет,70 лет,не требуется,постоянная,не менее 3 месяцев,: до 30 %,валюта карты,,нет требуется,нет требуется,нет требуется,нет требуется,нет требуется,нет требуется,Mir,У партнеров: 30 %, , , , , , , , ,,,,
ce4ad239-94e1-42f4-8341-f94c42f06e07,Mir Classic,до 60 дней,до 1 000 000 ₽,0 — 590 ₽,990 ₽,18 лет,70 лет,требуется,постоянная в любом регионе присутствия банка,не менее 3 месяцев,: до 50 %,валюта карты,5 000,нет требуется,нет требуется,нет требуется,нет требуется,нет требуется,нет требуется,Mir,У партнеров: 50 %; На всё: 1 %, , , , , , , , ,,,,
cedd4b21-9291-4109-ae08-08237f87571d,MasterСard Gold,50 дней,до 400 000 ₽,бесплатно,бесплатно,21 год,65 лет,требуется,постоянная в регионе обращения,не менее 3 месяцев (для индивидуальных предпринимателей - 6 месяцев),: до 3 %,валюта карты,3 000,"по выбору, если требуется один или несколько документов из одной группы","по выбору, если требуется один или несколько документов из одной группы",нет требуется,нет требуется,нет требуется,нет требуется,MasterСard,На всё: 1 %; АЗС: 3 %; Аптеки: 3 %; Такси: 3 %; Кино и развлечения: 3 %,"2,5% (Любая)","2,5% (Любая)", , , , , , ,,,,
d0f5597b-99f1-4efb-a14a-e1b70c8c8a6b,Mir Classic,55 дней,до 600 000 ₽,бесплатно,бесплатно,18 лет,70 лет,не требуется,"временная, постоянная",не менее 3 мес.,: до 10 %,баллы,5 000 баллов,"по выбору, если требуется один или несколько документов из одной группы","по выбору, если требуется один или несколько документов из одной группы",нет требуется,нет требуется,нет требуется,нет требуется,Mir,На всё: 1 %; Транспорт: 10 %; АЗС: 5 %; Такси: 5 %; Автоуслуги: 5 %; Каршеринг: 5 %; Аренда автомобилей: 3 %, , , , , , , , ,Карта с овердрафтом URBAN CARD,Кредит Европа Банк,8.0,8.6
d16ab72b-86aa-4ef8-a77b-bdbddadfa42f,Mir Classic,62 дня,до 500 000 ₽,0 — 75 ₽ в месяц,0 — 75 ₽ в месяц,20 лет,65 лет,требуется,постоянная,не менее 6 месяцев,: до 5 %,валюта карты,3 000,"по выбору, если требуется один или несколько документов из одной группы","по выбору, если требуется один или несколько документов из одной группы",нет требуется,нет требуется,нет требуется,нет требуется,Mir,У партнеров: 5 %, , , , , , , , ,,,,
d4cd5cba-b72e-4ddb-8eb0-818938c53331,Mir Classic,50 дней,любой,600 ₽ в год,600 ₽ в год,19 лет,65 лет,требуется,постоянная в любом регионе присутствия банка,не менее 3 месяцев,до 0,валюта карты,,нет требуется,нет требуется,нет требуется,нет требуется,нет требуется,нет требуется,Mir,, , , , , , , , ,,,,
dc198090-1f85-4229-af6f-b57f1902744c,Mir Classic,200 дней,от 10 000 ₽ до 1 000 000 ₽,бесплатно,бесплатно,18 лет,70 лет,требуется,постоянная в любом регионе присутствия банка,не менее 3 месяцев,: до 50 %,валюта карты,3 000,желательно или по требованию,нет требуется,нет требуется,нет требуется,нет требуется,нет требуется,Mir,У партнеров: 50 %, , , , , , , , ,,,,
dc670c28-ca8e-4ac0-9a0a-d9f2885593c9,Visa Gold/Platinum,51 день,от 50 000 ₽ до 1 500 000 ₽,бесплатно,бесплатно,18 лет,70 лет,требуется,постоянная,не менее 6 месяцев.,до 0,валюта карты,,нет требуется,нет требуется,нет требуется,нет требуется,нет требуется,нет требуется,Visa,, , , , ,3% (Любая),2% (Любая), , ,,,,
dc868641-37a8-4e2e-96a8-545fec12947c,Mir Classic,100 дней,от 10 000 ₽ до 100 000 ₽,бесплатно,бесплатно,21 год,70 лет,требуется,постоянная в любом регионе присутствия банка,не менее 3 месяцев,до 0,валюта карты,,нет требуется,нет требуется,нет требуется,нет требуется,нет требуется,нет требуется,Mir,, , , , , , , , ,,,,
de00f230-55fd-400e-bb9d-1836f7071390,Visa Gold,до 62 дней,от 30 000 ₽ до 500 000 ₽,3 000 ₽,1 500 ₽,21 год,65 лет,требуется,постоянная в любом регионе присутствия банка,не менее 3 месяцев,до 0,валюта карты,,нет требуется,обязательно,нет требуется,нет требуется,нет требуется,нет требуется,Visa,, , , , , , , , ,,,,
df665bbe-6fa4-40d4-9644-8c3c028b38be,Visa Classic,50 дней,до 300 000 ₽,бесплатно,бесплатно,18 лет,65 лет,требуется,постоянная в любом регионе присутствия банка,не менее 3 месяцев,до 0,валюта карты,,"по выбору, если требуется один или несколько документов из одной группы","по выбору, если требуется один или несколько документов из одной группы",нет требуется,нет требуется,нет требуется,нет требуется,Visa,, , , , , , , , ,,,,
e0af06e3-e416-42e0-9b7c-a4113a50d3a6,"Visa Classic, MasterСard Standard",60 дней,любой,бесплатно,бесплатно,18 лет,70 лет,требуется,постоянная,Непрерывный трудовой стаж - не менее 3 месяцев.,до 0,валюта карты,,нет требуется,нет требуется,нет требуется,нет требуется,нет требуется,нет требуется,MasterСard,, , , , , , , , ,,,,
e16ff1c7-ffe8-4f8c-9a7e-98cc9bdf64f6,Mir Classic,100 дней,до 50 000 ₽,бесплатно,бесплатно,20 лет,67 лет,требуется,"временная в регионе обращения, постоянная в регионе обращения",не менее 3 месяцев,: до 10 %,валюта карты,,"по выбору, если требуется один или несколько документов из одной группы",нет требуется,нет требуется,"по выбору, если требуется один или несколько документов из одной группы",нет требуется,нет требуется,Mir,У партнеров: 10 %, , , , , , , , ,,,,
e1818ff3-f04e-4eef-bb9a-71a400f63bca,MasterСard World,55 дней,до 600 000 ₽,0 — 5 988 ₽ в год,0 — 5 988 ₽ в год,21 год,70 лет,требуется,постоянная в любом регионе присутствия банка,не менее 3 месяцев,: до 25 %,бонусы,10 000 бонусов,нет требуется,нет требуется,нет требуется,нет требуется,нет требуется,нет требуется,MasterСard,На всё: 1 %; У партнеров: 25 %; Электроника и бытовая техника: 10 %; Аптеки: 10 %; Одежда и обувь: 10 %,"5,9% (Любая)","5,9% (Любая)", , , , , , ,,,,
e1f5e54c-3013-45d3-915d-a4b956f1629b,,62 дня,до 50 000 ₽,бесплатно,,20 лет,65 лет,требуется,постоянная,не менее 6 месяцев,до 0,валюта карты,,"по выбору, если требуется один или несколько документов из одной группы","по выбору, если требуется один или несколько документов из одной группы",нет требуется,нет требуется,нет требуется,нет требуется,,, , , , , , , , ,,,,
e4b354bd-2d9a-4b4c-8d3c-a5391d870398,MasterСard World,115 дней,от 30 000 ₽ до 3 000 000 ₽,бесплатно,990 ₽,18 лет,70 лет,требуется,постоянная в любом регионе присутствия банка,не менее 3 месяцев,до 0,валюта карты,,обязательно,нет требуется,нет требуется,нет требуется,нет требуется,нет требуется,MasterСard,,0% (Любая),"4,9% (Любая)",500 000 в день,500 000 в день, , , , ,115 дней,ЮниКредит Банк,13.0,7.3
e6c900a1-13d3-4475-bae2-be7d54522777,Mir Classic,2 месяца,до 1 500 000 ₽,0 — 149 ₽ в месяц,0 — 149 ₽ в месяц,20 лет,70 лет,требуется,постоянная,не менее 3 месяцев,: до 3 %,бонусы,,нет требуется,нет требуется,нет требуется,нет требуется,нет требуется,нет требуется,Mir,На всё: 3 %,"3,99% (Любая)","3,99% (Любая)",300 000 в день,300 000 в день, , , , ,,,,
ea090ad6-fdae-4c26-9f8e-51c5bf38d0b9,Mir Classic,115 дней,от 50 000 ₽ до 1 000 000 ₽,бесплатно,бесплатно,21 год,66 лет,требуется,постоянная,не менее 3 месяцев,: до 30 %,валюта карты,,нет требуется,нет требуется,нет требуется,нет требуется,нет требуется,нет требуется,Mir,"На всё: 1 %; Привет, Мир!: 30 %; Супермаркеты: 10 %; Автоуслуги: 10 %; АЗС: 10 %; Цветы: 10 %; У партнеров: 10 %",5% (Любая),5% (Любая),250 000 в день,250 000 в день,0% (Любая),0% (до 50000),250 000 в день,250 000 в день,,,,
ee7ecaa3-09d3-4051-851c-01f70e8d5bdf,MasterСard Gold,30 дней,до 500 000 ₽,2 000 ₽ в год,2 000 ₽ в год,18 лет,60 лет,не требуется,постоянная,не менее 6 месяцев,до 0,валюта карты,,обязательно,нет требуется,нет требуется,нет требуется,нет требуется,нет требуется,MasterСard,, , , , , , , , ,,,,
ee81c4a5-0c13-4080-9fd8-c1bce05c3472,Mir Supreme,62 дня,до 3 000 000 ₽,0 — 1 449 ₽ в месяц,0 — 1 449 ₽ в месяц,21 год,70 лет,требуется,постоянная в регионе обращения,не менее 3 месяцев.,: до 30 %,валюта карты,,"по выбору, если требуется один или несколько документов из одной группы",нет требуется,нет требуется,нет требуется,нет требуется,нет требуется,Mir,"У партнеров: 30 %; На всё: 1 %; Привет, Мир!: 20 %; Супермаркеты: 5 %; Кафе и рестораны: 5 %", ,4% (Любая),500 000 в день,500 000 в день,0% (Любая),4% (Любая),500 000 в день,500 000 в день,,,,
efa9e8a4-c751-4f8f-bd1f-88cd4b74cb2a,Mir Supreme,150 дней,до 600 000 ₽,0 — 5 988 ₽ в год,0 — 5 988 ₽ в год,21 год,75 лет,требуется,постоянная в любом регионе присутствия банка,не менее 3 месяцев,: до 70 %,бонусы,6 000 бонусов,нет требуется,нет требуется,нет требуется,нет требуется,нет требуется,нет требуется,Mir,"У партнеров: 70 %; На всё: 1,5 %; Кафе и рестораны: 7 %",0% (до 20000),0% (до 20000), , ,0% (до 20000),0% (до 20000), , ,,,,
f5a80f62-149e-41f1-a823-59d81c47aadb,MasterСard Platinum,55 дней,до 299 000 ₽,0 — 99 ₽ в месяц,0 — 99 ₽ в месяц,21 год,70 лет,требуется,постоянная,не менее 3 месяцев,: до 25 %,бонусы,5 000 бонусов,нет требуется,нет требуется,нет требуется,нет требуется,нет требуется,нет требуется,MasterСard,У партнеров: 25 %; На всё: 1 %; Ж/Д билеты: 5 %; Электроника и бытовая техника: 5 %; АЗС: 5 %; Такси: 5 %; Кафе и рестораны: 5 %; Транспорт: 5 %; Дом и ремонт: 5 %; Одежда и обувь: 5 %,"3,9% (Любая)","4,9% (Любая)", , , , , , ,,,,
f62aa11e-8b13-49ff-bf9b-f16cf9319cee,Mir Supreme,115 дней,от 30 000 ₽ до 1 000 000 ₽,0 — 1 499 ₽ в месяц,0 — 1 499 ₽ в месяц,21 год,66 лет,требуется,постоянная,не менее 3 месяцев,: до 30 %,бонусы,17 000 бонусов,нет требуется,нет требуется,нет требуется,нет требуется,нет требуется,нет требуется,Mir,"На всё: 1 %; Привет, Мир!: 30 %; Супермаркеты: 10 %; Автоуслуги: 10 %; АЗС: 10 %; Цветы: 10 %; У партнеров: 10 %","4,9% (Любая)","4,9% (Любая)",250 000 в день,250 000 в день,0% (Любая),0% (Любая),250 000 в день,250 000 в день,,,,
f796347a-f9bd-4cd0-96d6-ec7fb6b70e29,Visa Infinite,50 дней,до 150 000 ₽,2 500 ₽ в год,2 500 ₽ в год,19 лет,62 года,требуется,постоянная в любом регионе присутствия банка,не менее 3 месяцев,до 0,валюта карты,,нет требуется,нет требуется,нет требуется,нет требуется,нет требуется,нет требуется,Visa,, , , , , , , , ,,,,
fba1940f-1e1a-40d4-81e9-cd3091f8addb,Visa Classic,55 дней,до 500 000 ₽,бесплатно,бесплатно,21 год,70 лет,не требуется,постоянная в любом регионе присутствия банка,не менее 3 месяцев,: до 3 %,баллы,3 000 баллов,обязательно,нет требуется,нет требуется,нет требуется,нет требуется,нет требуется,Visa,"На всё: 0,5 %; Такси: 3 %; Транспорт: 3 %; Красота и здоровье: 1 %; Аптеки: 1 %; Спорттовары: 1 %","3,5% (Любая)",4% (Любая),60 000 в день,60 000 в день,"3,5% (Любая)",4% (Любая),60 000 в день,60 000 в день,,,,
fee1aa61-5db0-4578-8193-7fc964b7b61f,,120 дней,до 500 000 ₽,бесплатно,бесплатно,23 года,70 лет,требуется,"временная в регионе обращения, постоянная в любом регионе присутствия банка",не менее 3 месяцев,: до 33 %,валюта карты,5 000,нет требуется,нет требуется,"по выбору, если требуется один или несколько документов из одной группы",нет требуется,нет требуется,нет требуется,,"Кино и развлечения: 33 %; На всё: 1,5 %; Такси: 7 %; Красота и здоровье: 5 %; АЗС: 3 %; Аптеки: 3 %; Кафе и рестораны: 3 %","4,9% (от 20000)","4,9% (от 20000)",150 000 в день,150 000 в день, , , , ,,,,
