product_id,Тип,Льготный период,Кредитный лимит,Обслуживание в первый год,Обслуживание со второго года,Минимальный возраст для получения карты,Максимальный возраст для закрытия карты,Гражданство,Регистрация,Стаж работы на последнем месте,Условия снятия наличных: кредитные средства,Условия снятия наличных: собственные средства,Максимальный,За покупки у партнеров,Способ возврата,Максимальный возврат по кешбэку в месяц
4966ba76-928e-4ada-94e2-2048df61319b,Мир Classic,60 дней,до 1 000 000 ₽,бесплатно,990 ₽,18 лет,70 лет,требуется,постоянная в любом регионе присутствия банка,не менее 3 месяцев,"[{'': 'В банкоматах банка', 'Валюта': 'Рубли', 'Сумма': 'Любая', 'Комиссия': '3,9%', 'Минимальная сумма комиссии': '390'}, {'': 'В банкоматах других банков', 'Валюта': 'Рубли', 'Сумма': 'Любая', 'Комиссия': '3,9%', 'Минимальная сумма комиссии': '390'}]","[{'': 'В банкоматах банка', 'Валюта': 'Рубли', 'Сумма': 'Любая', 'Комиссия': '3,9%', 'Минимальная сумма комиссии': '390'}, {'': 'В банкоматах других банков', 'Валюта': 'Рубли', 'Сумма': 'Любая', 'Комиссия': '3,9%', 'Минимальная сумма комиссии': '390'}]",: до 50 %,50 %,валюта карты,5 000
8b89c6f6-69fa-4142-835d-6b6b5077930e,Мир Классическая,4 месяца,до 5 000 000 ₽,,,20 лет,70 лет,требуется,постоянная,не менее 3 месяцев,"[{'': 'В банкоматах банка', 'Валюта': 'Рубли', 'Сумма': 'Любая', 'Комиссия': '0%', 'Минимальная сумма комиссии': '0'}, {'': 'В банкоматах других банков', 'Валюта': 'Рубли', 'Сумма': 'Любая', 'Комиссия': '0%', 'Минимальная сумма комиссии': '0'}]",,: до 30 %,30 %,,
19f65d42-4a94-40e5-817a-4a66ff1a0230,Мир Классическая,до 3 лет,до 500 000 ₽,,,18 лет,75 лет,требуется,постоянная в любом регионе присутствия банка,не менее 4 месяцев,"[{'': 'В банкоматах банка', 'Валюта': 'Рубли', 'Сумма': 'Любая', 'Комиссия': '0%', 'Минимальная сумма комиссии': '399'}, {'': 'В банкоматах других банков', 'Валюта': 'Рубли', 'Сумма': 'Любая', 'Комиссия': '0%', 'Минимальная сумма комиссии': '399'}]","[{'': 'В банкоматах банка', 'Валюта': 'Рубли', 'Сумма': 'до 150000', 'Комиссия': '0%', 'Минимальная сумма комиссии': '0'}, {'': 'В банкоматах других банков', 'Валюта': 'Рубли', 'Сумма': 'от 150000', 'Комиссия': '1,9%', 'Минимальная сумма комиссии': '0'}]",: до 10 %,,баллы,5 000 баллов
b5b44bb8-95a7-4f7b-87a9-33fd7e082508,Мир Классическая,55 дней,до 600 000 ₽,,,18 лет,65 лет,требуется,постоянная,не менее 3 месяцев,,,: до 7 %,,баллы,5 000 баллов
5429d0db-a91b-4cff-8203-446fdae8d040,Мир Классическая,120 дней,до 2 000 000 ₽,,,21 год,69 лет,требуется,постоянная в любом регионе присутствия банка,не менее 3 месяцев,"[{'': 'В банкоматах банка', 'Валюта': 'Рубли', 'Сумма': 'Любая', 'Комиссия': '5,5%', 'Минимальная сумма комиссии': '500'}, {'': 'В банкоматах других банков', 'Валюта': 'Рубли', 'Сумма': 'Любая', 'Комиссия': '5,5%', 'Минимальная сумма комиссии': '500'}]","[{'': 'В банкоматах банка', 'Валюта': 'Рубли', 'Сумма': 'Любая', 'Комиссия': '0%', 'Минимальная сумма комиссии': '0'}, {'': 'В банкоматах других банков', 'Валюта': 'Рубли', 'Сумма': 'Любая', 'Комиссия': '1%', 'Минимальная сумма комиссии': '300'}]",: до 35 %,35 %,бонусы,2 000 бонусов
369e559a-643d-4a03-adf3-ce0ea910d8fc,Мир Classic,40 дней,от 9 900 ₽ до 600 000 ₽,,,18 лет,70 лет,не требуется,"временная в регионе обращения, постоянная в любом регионе присутствия банка",не менее 3 месяцев,,,": до 1,5 %",,баллы,5 000 баллов
68e25664-7e58-4b5f-9aac-1d673438e743,Мир Классическая,до 3 лет,до 500 000 ₽,,,18 лет,75 лет,требуется,постоянная в любом регионе присутствия банка,не менее 4 месяцев,"[{'': 'В банкоматах банка', 'Валюта': 'Рубли', 'Сумма': 'Любая', 'Комиссия': '0%', 'Минимальная сумма комиссии': '399'}]","[{'': 'В банкоматах банка', 'Валюта': 'Рубли', 'Сумма': 'до 150000', 'Комиссия': '0%', 'Минимальная сумма комиссии': '0'}, {'': 'В банкоматах других банков', 'Валюта': 'Рубли', 'Сумма': 'от 150000', 'Комиссия': '1,9%', 'Минимальная сумма комиссии': '0'}]",: до 10 %,,баллы,5 000 баллов
adc5770a-6fb0-48b6-aa85-dfb0ca206b7e,"UnionPay Classic/Instant Issue, Мир Классическая/Моментальная",115 дней,до 1 000 000 ₽,,,21 год,73 года,требуется,постоянная,не менее 4 месяцев,"[{'': 'В банкоматах банка', 'Валюта': 'Рубли', 'Сумма': 'Любая', 'Комиссия': '0%', 'Минимальная сумма комиссии': '0'}, {'': 'В банкоматах других банков', 'Валюта': 'Рубли', 'Сумма': 'Любая', 'Комиссия': '4,9%', 'Минимальная сумма комиссии': '490'}]",,: до 15 %,,баллы,6 000 баллов
15696be4-872a-42ea-b5df-9b4fe2acaaf7,Мир Классическая,до 3 лет,до 500 000 ₽,,,18 лет,75 лет,требуется,постоянная в любом регионе присутствия банка,не менее 4 месяцев,"[{'': 'В банкоматах банка', 'Валюта': 'Рубли', 'Сумма': 'Любая', 'Комиссия': '0%', 'Минимальная сумма комиссии': '399'}, {'': 'В банкоматах других банков', 'Валюта': 'Рубли', 'Сумма': 'Любая', 'Комиссия': '0%', 'Минимальная сумма комиссии': '399'}]","[{'': 'В банкоматах банка', 'Валюта': 'Рубли', 'Сумма': 'до 150000', 'Комиссия': '0%', 'Минимальная сумма комиссии': '0'}, {'': 'В банкоматах других банков', 'Валюта': 'Рубли', 'Сумма': 'до 3000', 'Комиссия': '0%', 'Минимальная сумма комиссии': '99'}]",: до 10 %,10 %,баллы,5 000 баллов
d0f5597b-99f1-4efb-a14a-e1b70c8c8a6b,Мир Классическая,55 дней,до 600 000 ₽,,,18 лет,70 лет,не требуется,"временная, постоянная",не менее 3 мес.,,,: до 10 %,,баллы,5 000 баллов
90ae3428-0e4e-4db5-b60c-c8ef32f9e1f4,,до 3 лет,до 500 000 ₽,,,18 лет,75 лет,требуется,постоянная в любом регионе присутствия банка,не менее 4 месяцев,"[{'': 'В банкоматах банка', 'Валюта': 'Рубли', 'Сумма': 'Любая', 'Комиссия': '0%', 'Минимальная сумма комиссии': '399'}, {'': 'В банкоматах других банков', 'Валюта': 'Рубли', 'Сумма': 'Любая', 'Комиссия': '0%', 'Минимальная сумма комиссии': '399'}]","[{'': 'В банкоматах банка', 'Валюта': 'Рубли', 'Сумма': 'до 150000', 'Комиссия': '0%', 'Минимальная сумма комиссии': '0'}, {'': 'В банкоматах других банков', 'Валюта': 'Рубли', 'Сумма': 'до 3000', 'Комиссия': '0%', 'Минимальная сумма комиссии': '99'}]",: до 10 %,10 %,баллы,5 000 баллов
1765519a-2560-4e2b-9aa3-dbd6c6853321,Мир Supreme,120 дней,до 5 000 000 ₽,,,18 лет,70 лет,требуется,постоянная,не менее 3 месяцев,"[{'': 'В банкоматах банка', 'Валюта': 'Рубли', 'Сумма': 'Любая', 'Комиссия': '0%', 'Минимальная сумма комиссии': '0'}, {'': 'В банкоматах других банков', 'Валюта': 'Рубли', 'Сумма': 'Любая', 'Комиссия': '0%', 'Минимальная сумма комиссии': '0'}]","[{'': 'В банкоматах банка', 'Валюта': 'Рубли', 'Сумма': 'Любая', 'Комиссия': '0%', 'Минимальная сумма комиссии': '0'}, {'': 'В банкоматах других банков', 'Валюта': 'Рубли', 'Сумма': 'Любая', 'Комиссия': '0%', 'Минимальная сумма комиссии': '0'}]",: до 30 %,,,
e6c900a1-13d3-4475-bae2-be7d54522777,Мир Классическая,2 месяца,до 1 500 000 ₽,,,20 лет,70 лет,требуется,постоянная,не менее 3 месяцев,"[{'': 'В банкоматах банка', 'Валюта': 'Рубли', 'Сумма': 'Любая', 'Комиссия': '3,99%', 'Минимальная сумма комиссии': '300'}, {'': 'В банкоматах других банков', 'Валюта': 'Рубли', 'Сумма': 'Любая', 'Комиссия': '3,99%', 'Минимальная сумма комиссии': '300'}]",,: до 3 %,,бонусы,
1fa1574c-1c57-49ad-adc0-e4a3468a31c1,,3 года,до 500 000 ₽,,,18 лет,75 лет,требуется,постоянная в любом регионе присутствия банка,не менее 4 месяцев,"[{'': 'В банкоматах банка', 'Валюта': 'Рубли', 'Сумма': 'Любая', 'Комиссия': '0%', 'Минимальная сумма комиссии': '399'}, {'': 'В банкоматах других банков', 'Валюта': 'Рубли', 'Сумма': 'Любая', 'Комиссия': '0%', 'Минимальная сумма комиссии': '399'}]","[{'': 'В банкоматах банка', 'Валюта': 'Рубли', 'Сумма': 'Любая', 'Комиссия': '0%', 'Минимальная сумма комиссии': '0'}, {'': 'В банкоматах других банков', 'Валюта': 'Рубли', 'Сумма': 'Любая', 'Комиссия': '0%', 'Минимальная сумма комиссии': '0'}]",: до 10 %,,баллы,5 000 баллов
4a43e357-f125-4d43-bada-c1783a119cd9,Мир Supreme,до 60 дней,от 250 000 ₽ до 2 000 000 ₽,бесплатно,0 — 2 990 ₽,18 лет,70 лет,требуется,постоянная в любом регионе присутствия банка,не менее 3 месяцев,,,: до 50 %,50 %,валюта карты,15 000
ce4ad239-94e1-42f4-8341-f94c42f06e07,Мир Классическая,до 60 дней,до 1 000 000 ₽,0 — 590 ₽,990 ₽,18 лет,70 лет,требуется,постоянная в любом регионе присутствия банка,не менее 3 месяцев,,,: до 50 %,50 %,валюта карты,5 000
ca0c1953-e919-486d-8a29-c232217d3903,Мир Классическая,до 60 дней,от 10 000 ₽ до 300 000 ₽,0 — 590 ₽,1 490 ₽,18 лет,70 лет,требуется,постоянная в любом регионе присутствия банка,не менее 3 месяцев,,"[{'': 'В банкоматах банка', 'Валюта': 'Рубли', 'Сумма': 'до 50000', 'Комиссия': '0%', 'Минимальная сумма комиссии': '0'}]",,,,
3a1b985d-43b1-4bfd-b533-3beda4313b5c,Мир Platinum,от 121 дня,до 1 000 000 ₽,,,18 лет,70 лет,не требуется,постоянная,не менее 3 месяцев,,,: до 30 %,30 %,баллы,
56890dfe-9663-4d6a-bf12-45a72a86523f,Мир Классическая,55 дней,до 1 000 000 ₽,,,18 лет,70 лет,требуется,"временная, постоянная",не менее 3 месяцев,"[{'': 'В банкоматах банка', 'Валюта': 'Рубли', 'Сумма': 'до 100000', 'Комиссия': '0%', 'Минимальная сумма комиссии': '390'}, {'': 'В банкоматах других банков', 'Валюта': 'Рубли', 'Сумма': 'от 100000', 'Комиссия': '2%', 'Минимальная сумма комиссии': '390'}]",,: до 30 %,30 %,бонусы,6 000 бонусов
3c8e9b40-9a33-45bd-99ab-6ace492255ce,Мир Классическая,55 дней,до 1 000 000 ₽,,,18 лет,70 лет,требуется,"временная, постоянная",не менее 3 месяцев,"[{'': 'В банкоматах банка', 'Валюта': 'Рубли', 'Сумма': 'до 100000', 'Комиссия': '0%', 'Минимальная сумма комиссии': '390'}, {'': 'В банкоматах других банков', 'Валюта': 'Рубли', 'Сумма': 'до 100000', 'Комиссия': '0%', 'Минимальная сумма комиссии': '390'}]",,,,,
7f02daa3-66fa-4dd8-9b97-e38c56132232,Мир Классическая,55 дней,до 1 000 000 ₽,,,18 лет,70 лет,требуется,"временная, постоянная",не менее 3 месяцев,"[{'': 'В банкоматах банка', 'Валюта': 'Рубли', 'Сумма': 'до 100000', 'Комиссия': '0%', 'Минимальная сумма комиссии': '0'}]",,: до 3 %,3 %,баллы,6 000 баллов
75b1c2fc-657f-4f60-9980-9863bdf17912,Мир Классическая,55 дней,до 1 000 000 ₽,,,18 лет,70 лет,требуется,"временная, постоянная",не менее 3 месяцев,"[{'': 'В банкоматах банка', 'Валюта': 'Рубли', 'Сумма': 'до 100000', 'Комиссия': '0%', 'Минимальная сумма комиссии': '0'}, {'': 'В банкоматах других банков', 'Валюта': 'Рубли', 'Сумма': 'до 100000', 'Комиссия': '0%', 'Минимальная сумма комиссии': '0'}]",,: до 30 %,30 %,бонусы,3 000 бонусов
c2a818ad-448a-4872-b709-dbb7d3d6f2eb,Мир Классическая,55 дней,до 1 000 000 ₽,,,18 лет,70 лет,требуется,"временная, постоянная",не менее 3 месяцев,"[{'': 'В банкоматах банка', 'Валюта': 'Рубли', 'Сумма': 'до 100000', 'Комиссия': '0%', 'Минимальная сумма комиссии': '390'}, {'': 'В банкоматах других банков', 'Валюта': 'Рубли', 'Сумма': 'до 100000', 'Комиссия': '0%', 'Минимальная сумма комиссии': '390'}]",,,,,
849acc2d-5704-4310-ae22-9e70cb6ba80d,Мир Классическая,55 дней,до 1 000 000 ₽,,,18 лет,70 лет,требуется,"временная, постоянная",не менее 3 месяцев,,,: до 30 %,,валюта карты,6 000
2f252e42-2408-4418-8742-d44dcec1bae6,Мир Классическая,55 дней,до 1 000 000 ₽,,,18 лет,70 лет,требуется,"временная, постоянная",не менее 3 месяцев,,,,,,
9c450e53-fc2c-406d-baf5-3f5ceaa378ef,,55 дней,до 2 000 000 ₽,,,18 лет,70 лет,требуется,"временная, постоянная",не менее 3 месяцев,"[{'': 'В банкоматах банка', 'Валюта': 'Рубли', 'Сумма': 'до 100000', 'Комиссия': '0%', 'Минимальная сумма комиссии': '0'}, {'': 'В банкоматах других банков', 'Валюта': 'Рубли', 'Сумма': 'до 100000', 'Комиссия': '2%', 'Минимальная сумма комиссии': '0'}]",,,,,
4af5bc31-0b54-4e45-a675-0925eda08f11,Мир Supreme,55 дней,до 2 000 000 ₽,,,18 лет,70 лет,требуется,"временная, постоянная",не менее 3 месяцев,"[{'': 'В банкоматах банка', 'Валюта': 'Рубли', 'Сумма': 'до 100000', 'Комиссия': '0%', 'Минимальная сумма комиссии': '0'}, {'': 'В банкоматах других банков', 'Валюта': 'Рубли', 'Сумма': 'до 100000', 'Комиссия': '0%', 'Минимальная сумма комиссии': '0'}]","[{'': 'В банкоматах банка', 'Валюта': 'Рубли', 'Сумма': 'до 100000', 'Комиссия': '0%', 'Минимальная сумма комиссии': '0'}, {'': 'В банкоматах других банков', 'Валюта': 'Рубли', 'Сумма': 'до 100000', 'Комиссия': '0%', 'Минимальная сумма комиссии': '0'}]",: до 10 %,,,
15a395a2-b7e6-4937-897a-1a1354b4e722,,180 дней,до 1 000 000 ₽,бесплатно,,20 лет,62 года,требуется,постоянная,"от 3 месяцев, или не менее 1 года с даты последней регистрации в качестве ИП","[{'': 'В банкоматах банка', 'Валюта': 'Рубли', 'Сумма': 'Любая', 'Комиссия': '5,9%', 'Минимальная сумма комиссии': '590'}, {'': 'В банкоматах других банков', 'Валюта': 'Рубли', 'Сумма': 'Любая', 'Комиссия': '5,9%', 'Минимальная сумма комиссии': '590'}]","[{'': 'В банкоматах банка', 'Валюта': 'Рубли', 'Сумма': 'Любая', 'Комиссия': '5,9%', 'Минимальная сумма комиссии': '590'}, {'': 'В банкоматах других банков', 'Валюта': 'Рубли', 'Сумма': 'Любая', 'Комиссия': '5,9%', 'Минимальная сумма комиссии': '590'}]",,,,
7c09288b-57c3-4974-b333-15edbc001646,Мир Классическая,90 дней,до 1 000 000 ₽,590 ₽,1 690 ₽,20 лет,62 года,не требуется,постоянная,не менее 3 месяцев,,,,,,
2b8eace0-4c7c-4fe8-89da-fea943f8e3fe,Мир Supreme,180 дней,до 3 000 000 ₽,,,20 лет,62 года,требуется,постоянная,"от 3 месяцев, или не менее 1 года с даты последней регистрации в качестве ИП","[{'': 'В банкоматах банка', 'Валюта': 'Рубли', 'Сумма': 'до 100000', 'Комиссия': '0%', 'Минимальная сумма комиссии': '0'}, {'': 'В банкоматах других банков', 'Валюта': 'Рубли', 'Сумма': 'до 100000', 'Комиссия': '0%', 'Минимальная сумма комиссии': '0'}]","[{'': 'В банкоматах банка', 'Валюта': 'Рубли', 'Сумма': 'до 100000', 'Комиссия': '0%', 'Минимальная сумма комиссии': '0'}, {'': 'В банкоматах других банков', 'Валюта': 'Рубли', 'Сумма': 'до 100000', 'Комиссия': '0%', 'Минимальная сумма комиссии': '0'}]",,,,
30e21f90-d3b1-4941-8b8e-f86ff4573ad4,,150 дней,от 30 000 ₽ до 600 000 ₽,,,21 год,70 лет,требуется,постоянная в любом регионе присутствия банка,не менее 3 месяцев,,,: до 25 %,25 %,бонусы,5 000 бонусов
14fc031b-4c5c-4f2b-b608-06e41438aac5,,55 дней,до 600 000 ₽,,,21 год,70 лет,требуется,постоянная,не менее 3 месяцев,,,: до 70 %,70 %,бонусы,3 000 бонусов
2b9245da-496e-48be-8e9f-c34e26fef4b9,Мир Классическая,130 дней,до 600 000 ₽,,,21 год,75 лет,требуется,постоянная в любом регионе присутствия банка,не менее 3 месяцев,,,: до 70 %,70 %,,
f5a80f62-149e-41f1-a823-59d81c47aadb,MasterСard Platinum,55 дней,до 299 000 ₽,,,21 год,70 лет,требуется,постоянная,не менее 3 месяцев,"[{'': 'В банкоматах банка', 'Валюта': 'Рубли', 'Сумма': 'Любая', 'Комиссия': '3,9%', 'Минимальная сумма комиссии': '390'}, {'': 'В банкоматах других банков', 'Валюта': 'Рубли', 'Сумма': 'Любая', 'Комиссия': '4,9%', 'Минимальная сумма комиссии': '490'}]",,: до 25 %,25 %,бонусы,5 000 бонусов
e1818ff3-f04e-4eef-bb9a-71a400f63bca,MasterСard World,55 дней,до 600 000 ₽,,,21 год,70 лет,требуется,постоянная в любом регионе присутствия банка,не менее 3 месяцев,"[{'': 'В банкоматах банка', 'Валюта': 'Рубли', 'Сумма': 'Любая', 'Комиссия': '5,9%', 'Минимальная сумма комиссии': '590'}, {'': 'В банкоматах других банков', 'Валюта': 'Рубли', 'Сумма': 'Любая', 'Комиссия': '5,9%', 'Минимальная сумма комиссии': '590'}]",,: до 25 %,,бонусы,10 000 бонусов
efa9e8a4-c751-4f8f-bd1f-88cd4b74cb2a,Мир Supreme,150 дней,до 600 000 ₽,,,21 год,75 лет,требуется,постоянная в любом регионе присутствия банка,не менее 3 месяцев,"[{'': 'В банкоматах банка', 'Валюта': 'Рубли', 'Сумма': 'до 20000', 'Комиссия': '0%', 'Минимальная сумма комиссии': '0'}, {'': 'В банкоматах других банков', 'Валюта': 'Рубли', 'Сумма': 'до 20000', 'Комиссия': '0%', 'Минимальная сумма комиссии': '0'}]","[{'': 'В банкоматах банка', 'Валюта': 'Рубли', 'Сумма': 'до 20000', 'Комиссия': '0%', 'Минимальная сумма комиссии': '0'}, {'': 'В банкоматах других банков', 'Валюта': 'Рубли', 'Сумма': 'до 20000', 'Комиссия': '0%', 'Минимальная сумма комиссии': '0'}]",: до 70 %,70 %,бонусы,6 000 бонусов
808b9122-3f9f-4bc9-868c-ec1df2bb021f,Мир Классическая,Нет,до 600 000 ₽,,,21 год,75 лет,не требуется,постоянная,не менее 3 месяцев,,,: до 70 %,70 %,,
e4b354bd-2d9a-4b4c-8d3c-a5391d870398,MasterСard World,115 дней,от 30 000 ₽ до 3 000 000 ₽,бесплатно,990 ₽,18 лет,70 лет,требуется,постоянная в любом регионе присутствия банка,не менее 3 месяцев,"[{'': 'В банкоматах банка', 'Валюта': 'Рубли', 'Сумма': 'Любая', 'Комиссия': '0%', 'Минимальная сумма комиссии': '0'}, {'': 'В банкоматах других банков', 'Валюта': 'Рубли', 'Сумма': 'Любая', 'Комиссия': '4,9%', 'Минимальная сумма комиссии': '490'}]",,,,,
cb4dfbb1-fbbe-4fd7-8ebc-f32fe1f3e2e2,MasterСard World,55 дней,от 30 000 ₽ до 3 000 000 ₽,бесплатно,1 990 ₽,,,,,,,,,,,
34f967d8-5683-4733-a66e-27c42828977a,MasterСard World,55 дней,от 30 000 ₽ до 3 000 000 ₽,бесплатно,1 990 ₽,18 лет,70 лет,требуется,постоянная в любом регионе присутствия банка,не менее 3 месяцев,"[{'': 'В банкоматах банка', 'Валюта': 'Рубли', 'Сумма': 'Любая', 'Комиссия': '3,9%', 'Минимальная сумма комиссии': '390'}, {'': 'В банкоматах других банков', 'Валюта': 'Рубли', 'Сумма': 'Любая', 'Комиссия': '4,9%', 'Минимальная сумма комиссии': '490'}]",,: до 7 %,,,
02acbe58-7aba-4aae-8577-9f4804bbd431,,180 дней,от 10 000 ₽ до 1 000 000 ₽,,,21 год,62 года,требуется,"временная в регионе обращения, постоянная в регионе обращения",не менее 3 месяцев,"[{'': 'В банкоматах банка', 'Валюта': 'Рубли', 'Сумма': 'от 3000 до 30000', 'Комиссия': '0%', 'Минимальная сумма комиссии': '0'}, {'': 'В банкоматах других банков', 'Валюта': 'Рубли', 'Сумма': 'Любая', 'Комиссия': '5,9%', 'Минимальная сумма комиссии': '590'}]",,: до 30 %,,,
10a9c8f8-d8b5-4619-8f2a-45ef2cb72c91,,123 дня,до 1 000 000 ₽,бесплатно,,18 лет,70 лет,требуется,постоянная в регионе обращения,не менее 3 месяцев,"[{'': 'В банкоматах банка', 'Валюта': 'Рубли', 'Сумма': 'от 400000', 'Комиссия': '4,9%', 'Минимальная сумма комиссии': '490'}, {'': 'В банкоматах других банков', 'Валюта': 'Рубли', 'Сумма': 'от 400000', 'Комиссия': '4,9%', 'Минимальная сумма комиссии': '490'}]","[{'': 'В банкоматах банка', 'Валюта': 'Рубли', 'Сумма': 'Любая', 'Комиссия': '0%', 'Минимальная сумма комиссии': '0'}, {'': 'В банкоматах других банков', 'Валюта': 'Рубли', 'Сумма': 'Любая', 'Комиссия': '0%', 'Минимальная сумма комиссии': '0'}]",: до 30 %,30 %,баллы,3 000 баллов
05bacd22-f37c-4219-a29e-18658123f836,,1094 дня,до 150 000 ₽,,,19 лет,75 лет,требуется,постоянная в любом регионе присутствия банка,Для физических лиц: не менее 3 месяцев на текущем месте работы. Для индивидуальных предпринимателей: не менее 12 месяцев.,"[{'': 'В банкоматах банка', 'Валюта': 'Рубли', 'Сумма': 'до 60000', 'Комиссия': '0%', 'Минимальная сумма комиссии': '0'}, {'': 'В банкоматах других банков', 'Валюта': 'Рубли', 'Сумма': 'Любая', 'Комиссия': '5,99%', 'Минимальная сумма комиссии': '590'}]","[{'': 'В банкоматах банка', 'Валюта': 'Рубли', 'Сумма': 'до 60000', 'Комиссия': '0%', 'Минимальная сумма комиссии': '0'}, {'': 'В банкоматах других банков', 'Валюта': 'Рубли', 'Сумма': 'Любая', 'Комиссия': '5,99%', 'Минимальная сумма комиссии': '590'}]",: до 35 %,35 %,,
81d0074e-9bba-411b-9a7b-fad60a988786,,120 дней,1 000 000 ₽,,,18 лет,23 года,не требуется,постоянная,не менее 3 месяцев,,,: до 30 %,30 %,,
bcde7e35-de83-472b-b242-45abbd72119c,Мир Классическая,120 дней,до 1 000 000 ₽,,,18 лет,70 лет,требуется,"временная, постоянная",не менее 3 месяцев,"[{'': 'В банкоматах банка', 'Валюта': 'Рубли', 'Сумма': 'Любая', 'Комиссия': '3%', 'Минимальная сумма комиссии': '390'}, {'': 'В банкоматах других банков', 'Валюта': 'Рубли', 'Сумма': 'Любая', 'Комиссия': '3%', 'Минимальная сумма комиссии': '390'}]","[{'': 'В банкоматах банка', 'Валюта': 'Рубли', 'Сумма': 'Любая', 'Комиссия': '3%', 'Минимальная сумма комиссии': '390'}, {'': 'В банкоматах других банков', 'Валюта': 'Рубли', 'Сумма': 'Любая', 'Комиссия': '3%', 'Минимальная сумма комиссии': '390'}]",: до 30 %,30 %,бонусы,20 000 бонусов
6b74e399-8f5a-4a4e-9f1a-fe5a60bb07df,Мир Supreme,111 дней,до 2 000 000 ₽,,,20 лет,70 лет,требуется,постоянная,не менее 3 месяцев,"[{'': 'В банкоматах банка', 'Валюта': 'Рубли', 'Сумма': 'Любая', 'Комиссия': '0%', 'Минимальная сумма комиссии': '0'}, {'': 'В банкоматах других банков', 'Валюта': 'Рубли', 'Сумма': 'Любая', 'Комиссия': '3,9%', 'Минимальная сумма комиссии': '590'}]","[{'': 'В банкоматах банка', 'Валюта': 'Рубли', 'Сумма': 'Любая', 'Комиссия': '0%', 'Минимальная сумма комиссии': '0'}, {'': 'В банкоматах других банков', 'Валюта': 'Рубли', 'Сумма': 'Любая', 'Комиссия': '3,9%', 'Минимальная сумма комиссии': '590'}]",: до 10 %,,валюта карты,10 000
d4cd5cba-b72e-4ddb-8eb0-818938c53331,Мир Классическая,50 дней,любой,,,19 лет,65 лет,требуется,постоянная в любом регионе присутствия банка,не менее 3 месяцев,,,,,,
cc1da468-072b-43dd-b098-14bb0280c78a,"Visa Classic, MasterСard World",50 дней,до 150 000 ₽,,,19 лет,62 года,требуется,постоянная в любом регионе присутствия банка,не менее 3 месяцев,,,,,,
9defd7b7-35bc-4f0e-918c-5981e73680b5,"Visa Signature, MasterСard World",50 дней,до 150 000 ₽,,,19 лет,62 года,требуется,постоянная в любом регионе присутствия банка,не менее 3 месяцев,,,,,,
7da50bc7-4b66-420b-b942-0fe66e02cd4b,MasterСard World,50 дней,любой,,,19 лет,62 года,требуется,постоянная в любом регионе присутствия банка,не менее 3 месяцев,,,: до 1 %,,,
66eda434-b17d-4ae9-9884-cf2dd9659006,"Visa Platinum, MasterСard Platinum",50 дней,до 150 000 ₽,,,19 лет,62 года,требуется,постоянная в любом регионе присутствия банка,не менее 3 месяцев,,,,,,
f796347a-f9bd-4cd0-96d6-ec7fb6b70e29,Visa Infinite,50 дней,до 150 000 ₽,,,19 лет,62 года,требуется,постоянная в любом регионе присутствия банка,не менее 3 месяцев,,,,,,
1cd4e914-674c-4bdf-b8f5-83a5abc6a6b0,MasterСard World,50 дней,любой,,,19 лет,62 года,требуется,постоянная в любом регионе присутствия банка,не менее 3 месяцев,,"[{'': 'В банкоматах банка', 'Валюта': 'Рубли', 'Сумма': 'до 300000', 'Комиссия': '0%', 'Минимальная сумма комиссии': '0'}, {'': 'В банкоматах других банков', 'Валюта': 'Рубли', 'Сумма': 'до 300000', 'Комиссия': '0%', 'Минимальная сумма комиссии': '0.75'}]",,,,
182c9d1e-d89b-44b0-a28d-2b424023ba86,MasterСard Gold,62 дня,до 300 000 ₽,,,18 лет,70 лет,требуется,постоянная,не менее 3 месяцев,,,,,,
6680aefe-2908-4f0e-b045-f67436447f72,Мир Классическая,755 дней,до 600 000 ₽,,,20 лет,70 лет,не требуется,постоянная,не менее 3 месяцев,,,: до 50 %,50 %,,
ee7ecaa3-09d3-4051-851c-01f70e8d5bdf,MasterСard Gold,30 дней,до 500 000 ₽,,,18 лет,60 лет,не требуется,постоянная,не менее 6 месяцев,,,,,,
55db24e1-e9f7-47ec-8e1c-fa7cb20c6fee,,56 дней,от 150 000 ₽,,,21 год,60 лет,не требуется,"временная в регионе обращения, постоянная в любом регионе присутствия банка",не менее 3 месяцев,,,: до 25 %,20 %,валюта карты,5 000
5a821427-0f8f-4ca0-a609-f934f57e8518,Мир Supreme,до 56 дней,от 15 000 ₽ до 10 000 000 ₽,,,21 год,65 лет,не требуется,постоянная в любом регионе присутствия банка,не менее 3 месяцев,,,: до 30 %,30 %,бонусы,5 000 бонусов
a0b328ee-301d-47f2-b6c0-73bf4afd5a87,,90 дней,любой,,,18 лет,70 лет,требуется,постоянная в любом регионе присутствия банка,не менее 3 месяцев,"[{'': 'В банкоматах банка', 'Валюта': 'Рубли', 'Сумма': 'Любая', 'Комиссия': '2,9%', 'Минимальная сумма комиссии': '0'}, {'': 'В банкоматах других банков', 'Валюта': 'Рубли', 'Сумма': 'Любая', 'Комиссия': '2,9%', 'Минимальная сумма комиссии': '120'}]","[{'': 'В банкоматах других банков', 'Валюта': 'Рубли', 'Сумма': 'до 250000', 'Комиссия': '0%', 'Минимальная сумма комиссии': '0'}]",: до 30 %,30 %,,
01d0389d-f850-4352-a557-37ea6ddc4204,Мир Supreme,55 дней,любой,,,18 лет,70 лет,требуется,постоянная в любом регионе присутствия банка,не менее 3 месяцев,"[{'': 'В банкоматах банка', 'Валюта': 'Рубли', 'Сумма': 'Любая', 'Комиссия': '2,9%', 'Минимальная сумма комиссии': '0'}, {'': 'В банкоматах других банков', 'Валюта': 'Рубли', 'Сумма': 'Любая', 'Комиссия': '2,9%', 'Минимальная сумма комиссии': '0'}]","[{'': 'В банкоматах банка', 'Валюта': 'Рубли', 'Сумма': 'до 500000', 'Комиссия': '0%', 'Минимальная сумма комиссии': '0'}]",: до 30 %,30 %,,
6f2297b3-eda4-48c6-b4a9-0746998348db,Мир Supreme,55 дней,любой,,,18 лет,70 лет,требуется,постоянная в любом регионе присутствия банка,не менее 3 месяцев,"[{'': 'В банкоматах банка', 'Валюта': 'Рубли', 'Сумма': 'Любая', 'Комиссия': '2,9%', 'Минимальная сумма комиссии': '0'}, {'': 'В банкоматах других банков', 'Валюта': 'Рубли', 'Сумма': 'Любая', 'Комиссия': '2,9%', 'Минимальная сумма комиссии': '120'}]","[{'': 'В банкоматах банка', 'Валюта': 'Рубли', 'Сумма': 'до 1000000', 'Комиссия': '0%', 'Минимальная сумма комиссии': '0'}, {'': 'В банкоматах других банков', 'Валюта': 'Рубли', 'Сумма': 'Любая', 'Комиссия': '0%', 'Минимальная сумма комиссии': '0'}]",: до 30 %,30 %,,
e0af06e3-e416-42e0-9b7c-a4113a50d3a6,"Visa Classic, MasterСard Standard",60 дней,любой,,,18 лет,70 лет,требуется,постоянная,Непрерывный трудовой стаж - не менее 3 месяцев.,,,,,,
cedd4b21-9291-4109-ae08-08237f87571d,MasterСard Gold,50 дней,до 400 000 ₽,,,21 год,65 лет,требуется,постоянная в регионе обращения,не менее 3 месяцев (для индивидуальных предпринимателей - 6 месяцев),"[{'': 'В банкоматах банка', 'Валюта': 'Рубли', 'Сумма': 'Любая', 'Комиссия': '2,5%', 'Минимальная сумма комиссии': '0'}, {'': 'В банкоматах других банков', 'Валюта': 'Рубли', 'Сумма': 'Любая', 'Комиссия': '2,5%', 'Минимальная сумма комиссии': '80'}]",,: до 3 %,,валюта карты,3 000
8ca05410-283d-4bb2-8720-1264a95f46c6,MasterСard Standard,до 50 дней,до 200 000 ₽,,,20 лет,65 лет,требуется,постоянная в регионе обращения,не менее 3 месяцев,,,,,,
b933886e-2015-4c32-b102-f1ccf1c543bb,,50 дней,до 1 000 000 ₽,,,18 лет,70 лет,не требуется,постоянная,не менее 3 месяцев,,,,,,
6f54f045-7129-4dc7-a77f-d2015b5e6b09,,50 дней,до 1 000 000 ₽,,,18 лет,70 лет,не требуется,постоянная,не менее 3 месяцев,,,,,,
43a7a921-02e9-4c1b-b6b7-b95903eef332,,50 дней,до 1 500 000 ₽,,,20 лет,70 лет,требуется,"постоянная в регионе обращения, постоянная в любом регионе присутствия банка",не менее 3 месяцев,"[{'': 'В банкоматах банка', 'Валюта': 'Рубли', 'Сумма': 'Любая', 'Комиссия': '3,5%', 'Минимальная сумма комиссии': '0'}, {'': 'В банкоматах других банков', 'Валюта': 'Рубли', 'Сумма': 'Любая', 'Комиссия': '4%', 'Минимальная сумма комиссии': '150'}]","[{'': 'В банкоматах банка', 'Валюта': 'Рубли', 'Сумма': 'Любая', 'Комиссия': '3,5%', 'Минимальная сумма комиссии': '0'}, {'': 'В банкоматах других банков', 'Валюта': 'Рубли', 'Сумма': 'Любая', 'Комиссия': '4%', 'Минимальная сумма комиссии': '150'}]",,,,
646950a0-b3bd-4a3a-8f28-a8c861ee6c58,,60 дней,от 50 000 ₽,,,24 года,58 лет,требуется,постоянная в любом регионе присутствия банка,не менее 6-ти месяцев,"[{'': 'В банкоматах банка', 'Валюта': 'Рубли', 'Сумма': 'Любая', 'Комиссия': '3,5%', 'Минимальная сумма комиссии': '250'}, {'': 'В банкоматах других банков', 'Валюта': 'Рубли', 'Сумма': 'Любая', 'Комиссия': '3,5%', 'Минимальная сумма комиссии': '250'}]",,,,,
632d1bab-aada-4ea0-b1b2-cf3299f42918,MasterСard World,55 дней,до 299 000 ₽,,,21 год,63 года,требуется,постоянная в регионе обращения,не менее 3 месяцев,,,,,,
7602de5d-8b54-4d8b-aeeb-3fc2f981fec5,"MasterСard Gold, Мир Virtual",56 дней,до 700 000 ₽,,,21 год,66 лет,требуется,постоянная в регионе обращения,не менее 3 месяцев,"[{'': 'В банкоматах банка', 'Валюта': 'Рубли', 'Сумма': 'Любая', 'Комиссия': '5,99%', 'Минимальная сумма комиссии': '599'}, {'': 'В банкоматах других банков', 'Валюта': 'Рубли', 'Сумма': 'Любая', 'Комиссия': '5,99%', 'Минимальная сумма комиссии': '599'}]","[{'': 'В банкоматах банка', 'Валюта': 'Рубли', 'Сумма': 'Любая', 'Комиссия': '0%', 'Минимальная сумма комиссии': '0'}, {'': 'В банкоматах других банков', 'Валюта': 'Рубли', 'Сумма': 'Любая', 'Комиссия': '1%', 'Минимальная сумма комиссии': '150'}]",: до 15 %,,баллы,3 000 баллов
867546aa-7247-405a-a1c8-58e2c28d25eb,Visa Classic/Gold,51 день,от 5 000 ₽,,,18 лет,65 лет,требуется,постоянная в любом регионе присутствия банка,не менее 4 месяцев,,"[{'': 'В банкоматах банка', 'Валюта': 'Рубли', 'Сумма': 'Любая', 'Комиссия': '0%', 'Минимальная сумма комиссии': '0'}, {'': 'В банкоматах других банков', 'Валюта': 'Рубли', 'Сумма': 'Любая', 'Комиссия': '1%', 'Минимальная сумма комиссии': '150'}]",,,,
dc670c28-ca8e-4ac0-9a0a-d9f2885593c9,Visa Gold/Platinum,51 день,от 50 000 ₽ до 1 500 000 ₽,,,18 лет,70 лет,требуется,постоянная,не менее 6 месяцев.,,"[{'': 'В банкоматах банка', 'Валюта': 'Рубли', 'Сумма': 'Любая', 'Комиссия': '3%', 'Минимальная сумма комиссии': '300'}, {'': 'В банкоматах других банков', 'Валюта': 'Рубли', 'Сумма': 'Любая', 'Комиссия': '2%', 'Минимальная сумма комиссии': '150'}]",,,,
841c2bd3-cb19-419d-8f75-9a031d04601c,Visa Classic,до 62 дней,от 10 000 ₽ до 500 000 ₽,,,18 лет,70 лет,не требуется,постоянная,не менее 3 месяцев,,,,,,
c1d98f7e-abc8-48a8-a476-039cd7fb8706,Visa Classic,62 дня,до 1 000 000 ₽,,,18 лет,70 лет,не требуется,постоянная,не менее 3 месяцев,,,,,,
196dc0d9-4133-4eba-bcff-90f410b15b28,Мир Классическая,62 дня,от 10 000 ₽ до 500 000 ₽,бесплатно,0 — 1 000 ₽,21 год,65 лет,требуется,постоянная в любом регионе присутствия банка,От 3 месяцев.,"[{'': 'В банкоматах банка', 'Валюта': 'Рубли', 'Сумма': 'Любая', 'Комиссия': '5%', 'Минимальная сумма комиссии': '500'}, {'': 'В банкоматах других банков', 'Валюта': 'Рубли', 'Сумма': 'Любая', 'Комиссия': '5%', 'Минимальная сумма комиссии': '500'}]","[{'': 'В банкоматах банка', 'Валюта': 'Рубли', 'Сумма': 'Любая', 'Комиссия': '0%', 'Минимальная сумма комиссии': '0'}, {'': 'В банкоматах других банков', 'Валюта': 'Рубли', 'Сумма': 'до 50000', 'Комиссия': '0%', 'Минимальная сумма комиссии': '0'}]",: до 33 %,33 %,,
ad0ee097-4c36-4e66-b6da-201257ddc9e4,Мир Классическая,55 дней,до 1 000 000 ₽,,,21 год,57 лет,требуется,постоянная в любом регионе присутствия банка,От 6 месяцев.,,,: до 1 %,,валюта карты,3 000
5dbeb084-9cfd-4236-ba8a-a6623ec4013f,"MasterСard World, Мир Классическая",до 115 дней,до 1 500 000 ₽,,,18 лет,70 лет,не требуется,постоянная,не менее 3 месяцев,"[{'': 'В банкоматах банка', 'Валюта': 'Рубли', 'Сумма': 'Любая', 'Комиссия': '0%', 'Минимальная сумма комиссии': '0'}, {'': 'В банкоматах других банков', 'Валюта': 'Рубли', 'Сумма': 'Любая', 'Комиссия': '4%', 'Минимальная сумма комиссии': '300'}]","[{'': 'В банкоматах банка', 'Валюта': 'Рубли', 'Сумма': 'Любая', 'Комиссия': '0%', 'Минимальная сумма комиссии': '0'}, {'': 'В банкоматах других банков', 'Валюта': 'Рубли', 'Сумма': 'Любая', 'Комиссия': '4%', 'Минимальная сумма комиссии': '300'}]",: до 30 %,30 %,валюта карты,3 000
1ae7fe73-bfd7-46b5-88fe-db0398ca605a,,50 дней,от 30 000 ₽ до 150 000 ₽,,,23 года,70 лет,требуется,постоянная в любом регионе присутствия банка,не менее 1 месяца,,,,,,
8eef1d02-4604-48dc-b63c-9a6d3d7f29d0,,100 дней,до 200 000 ₽,,,21 год,65 лет,требуется,постоянная в любом регионе присутствия банка,"для лиц, получающих з/плату на банковский счет в АО «Кузнецкбизнесбанк не менее трех месяцев, для прочих граждан не менее 6-ти месяцев. (допускается смена работы переводом или разрывом трудового стажа не более 5-ти рабочих дней в случае увольнения).","[{'': 'В банкоматах банка', 'Валюта': 'Рубли', 'Сумма': 'Любая', 'Комиссия': '4%', 'Минимальная сумма комиссии': '500'}]","[{'': 'В банкоматах банка', 'Валюта': 'Рубли', 'Сумма': 'Любая', 'Комиссия': '4%', 'Минимальная сумма комиссии': '500'}]",,,,
b690732d-cc9a-4b2a-998f-894c9895c2db,Visa Classic/Gold,50 дней,до 500 000 ₽,,,21 год,70 лет,требуется,постоянная в регионе обращения,от 3 месяцев,"[{'': 'В банкоматах банка', 'Валюта': 'Рубли', 'Сумма': 'Любая', 'Комиссия': '4,5%', 'Минимальная сумма комиссии': '390'}, {'': 'В банкоматах других банков', 'Валюта': 'Рубли', 'Сумма': 'Любая', 'Комиссия': '4,5%', 'Минимальная сумма комиссии': '390'}]","[{'': 'В банкоматах банка', 'Валюта': 'Рубли', 'Сумма': 'Любая', 'Комиссия': '4,5%', 'Минимальная сумма комиссии': '390'}, {'': 'В банкоматах других банков', 'Валюта': 'Рубли', 'Сумма': 'Любая', 'Комиссия': '4,5%', 'Минимальная сумма комиссии': '390'}]",: до 15 %,15 %,,
b9658721-8e16-41de-9a3e-0ae9747a0ee1,,50 дней,до 500 000 ₽,,,21 год,65 лет,не требуется,постоянная,не менее 3 месяцев,,,,,,
a68221f7-2bbf-4481-b149-8eaf07d752de,,62 дня,до 300 000 ₽,,,21 год,60 лет,требуется,постоянная в любом регионе присутствия банка,не менее 6 месяцев,"[{'': 'В банкоматах банка', 'Валюта': 'Рубли', 'Сумма': 'Любая', 'Комиссия': '1%', 'Минимальная сумма комиссии': '150'}, {'': 'В банкоматах других банков', 'Валюта': 'Рубли', 'Сумма': 'Любая', 'Комиссия': '1%', 'Минимальная сумма комиссии': '150'}]","[{'': 'В банкоматах банка', 'Валюта': 'Рубли', 'Сумма': 'Любая', 'Комиссия': '0%', 'Минимальная сумма комиссии': '0'}, {'': 'В банкоматах других банков', 'Валюта': 'Рубли', 'Сумма': 'от 30000', 'Комиссия': '1%', 'Минимальная сумма комиссии': '150'}]",: до 35 %,35 %,,
70ae78d2-b613-4688-b69d-07f00468070e,,62 дня,до 300 000 ₽,,,21 год,60 лет,требуется,постоянная в любом регионе присутствия банка,не менее 6 месяцев,"[{'': 'В банкоматах банка', 'Валюта': 'Рубли', 'Сумма': 'Любая', 'Комиссия': '1%', 'Минимальная сумма комиссии': '150'}, {'': 'В банкоматах других банков', 'Валюта': 'Рубли', 'Сумма': 'Любая', 'Комиссия': '1%', 'Минимальная сумма комиссии': '150'}]","[{'': 'В банкоматах банка', 'Валюта': 'Рубли', 'Сумма': 'Любая', 'Комиссия': '0%', 'Минимальная сумма комиссии': '0'}, {'': 'В банкоматах других банков', 'Валюта': 'Рубли', 'Сумма': 'до 30000', 'Комиссия': '0%', 'Минимальная сумма комиссии': '0'}]",,,,
70678a3e-123d-4053-a52e-24029392afb1,,62 дня,до 300 000 ₽,,,21 год,60 лет,требуется,постоянная в любом регионе присутствия банка,не менее 6 месяцев,"[{'': 'В банкоматах банка', 'Валюта': 'Рубли', 'Сумма': 'Любая', 'Комиссия': '1%', 'Минимальная сумма комиссии': '150'}, {'': 'В банкоматах других банков', 'Валюта': 'Рубли', 'Сумма': 'Любая', 'Комиссия': '1%', 'Минимальная сумма комиссии': '150'}]","[{'': 'В банкоматах банка', 'Валюта': 'Рубли', 'Сумма': 'Любая', 'Комиссия': '0%', 'Минимальная сумма комиссии': '0'}, {'': 'В банкоматах других банков', 'Валюта': 'Рубли', 'Сумма': 'до 30000', 'Комиссия': '0%', 'Минимальная сумма комиссии': '0'}]",,,,
fee1aa61-5db0-4578-8193-7fc964b7b61f,,120 дней,до 500 000 ₽,,,23 года,70 лет,требуется,"временная в регионе обращения, постоянная в любом регионе присутствия банка",не менее 3 месяцев,"[{'': 'В банкоматах банка', 'Валюта': 'Рубли', 'Сумма': 'от 20000', 'Комиссия': '4,9%', 'Минимальная сумма комиссии': '490'}, {'': 'В банкоматах других банков', 'Валюта': 'Рубли', 'Сумма': 'от 20000', 'Комиссия': '4,9%', 'Минимальная сумма комиссии': '490'}]",,: до 33 %,,валюта карты,5 000
58d1ddd1-448f-4fe6-95e2-f60ef5e84375,,115 дней,от 10 000 ₽ до 300 000 ₽,,,18 лет,62 года,требуется,постоянная в любом регионе присутствия банка,от 3 (трех) месяцев.,"[{'': 'В банкоматах банка', 'Валюта': 'Рубли', 'Сумма': 'до 50000', 'Комиссия': '0%', 'Минимальная сумма комиссии': '0'}, {'': 'В банкоматах других банков', 'Валюта': 'Рубли', 'Сумма': 'до 50000', 'Комиссия': '3,9%', 'Минимальная сумма комиссии': '390'}]","[{'': 'В банкоматах банка', 'Валюта': 'Рубли', 'Сумма': 'Любая', 'Комиссия': '0%', 'Минимальная сумма комиссии': '0'}, {'': 'В банкоматах других банков', 'Валюта': 'Рубли', 'Сумма': 'Любая', 'Комиссия': '2%', 'Минимальная сумма комиссии': '300'}]",: до 30 %,,бонусы,3 000 бонусов
88c84bda-b84c-4499-9a45-7df671d50f40,MasterСard World,120 дней,до 300 000 ₽,,,21 год,62 года,требуется,постоянная в любом регионе присутствия банка,не менее 4 месяцев,"[{'': 'В банкоматах банка', 'Валюта': 'Рубли', 'Сумма': 'до 30000', 'Комиссия': '0%', 'Минимальная сумма комиссии': '0'}]","[{'': 'В банкоматах банка', 'Валюта': 'Рубли', 'Сумма': 'до 30000', 'Комиссия': '0%', 'Минимальная сумма комиссии': '0'}]",: до 5 %,,валюта карты,3 000
642b9dcb-7f16-45b9-a46b-5022dec486b8,Мир Классическая,110 дней,до 500 000 ₽,,,21 год,70 лет,требуется,постоянная в любом регионе присутствия банка,От 3 мес.,"[{'': 'В банкоматах банка', 'Валюта': 'Рубли', 'Сумма': 'до 10000', 'Комиссия': '0%', 'Минимальная сумма комиссии': '0'}, {'': 'В банкоматах других банков', 'Валюта': 'Рубли', 'Сумма': 'до 10000', 'Комиссия': '0%', 'Минимальная сумма комиссии': '0'}]",,: до 3 %,,валюта карты,3 000
396fcc26-fab3-4ef8-99c2-2c532ce075d9,Мир Classic,Нет,от 30 000 ₽ до 5 000 000 ₽,,,21 год,70 лет,требуется,постоянная в любом регионе присутствия банка,должен превышать 6 месяцев,,,,,,
ccae8ad3-63a1-4998-a20f-a1ca6e03bb77,,112 дней,от 15 000 ₽ до 600 000 ₽,,,21 год,70 лет,требуется,"временная в регионе обращения, постоянная в регионе обращения",не менее 6 месяцев.,"[{'': 'В банкоматах банка', 'Валюта': 'Рубли', 'Сумма': 'Любая', 'Комиссия': '4%', 'Минимальная сумма комиссии': '299'}, {'': 'В банкоматах других банков', 'Валюта': 'Рубли', 'Сумма': 'Любая', 'Комиссия': '5%', 'Минимальная сумма комиссии': '299'}]","[{'': 'В банкоматах банка', 'Валюта': 'Рубли', 'Сумма': 'Любая', 'Комиссия': '4%', 'Минимальная сумма комиссии': '299'}, {'': 'В банкоматах других банков', 'Валюта': 'Рубли', 'Сумма': 'Любая', 'Комиссия': '5%', 'Минимальная сумма комиссии': '299'}]",: до 2 %,,валюта карты,3 000
16d5ad3d-4d22-4abd-ae4b-184d2ed25243,,180 дней,от 9 900 ₽ до 750 000 ₽,,,21 год,70 лет,требуется,"временная, постоянная",не менее 3 месяцев,"[{'': 'В банкоматах банка', 'Валюта': 'Рубли', 'Сумма': 'Любая', 'Комиссия': '0%', 'Минимальная сумма комиссии': '0'}, {'': 'В банкоматах других банков', 'Валюта': 'Рубли', 'Сумма': 'Любая', 'Комиссия': '0%', 'Минимальная сумма комиссии': '0'}]","[{'': 'В банкоматах банка', 'Валюта': 'Рубли', 'Сумма': 'Любая', 'Комиссия': '0%', 'Минимальная сумма комиссии': '0'}, {'': 'В банкоматах других банков', 'Валюта': 'Рубли', 'Сумма': 'Любая', 'Комиссия': '0%', 'Минимальная сумма комиссии': '0'}]",: до 30 %,,,
1c1f9f63-d841-4310-a3d8-5a9299690d99,,61 день,от 9 900 ₽ до 750 000 ₽,,,21 год,70 лет,требуется,"временная, постоянная",не менее 3 месяцев,"[{'': 'В банкоматах банка', 'Валюта': 'Рубли', 'Сумма': 'до 50000', 'Комиссия': '0%', 'Минимальная сумма комиссии': '0'}, {'': 'В банкоматах других банков', 'Валюта': 'Рубли', 'Сумма': 'Любая', 'Комиссия': '5%', 'Минимальная сумма комиссии': '300'}]","[{'': 'В банкоматах банка', 'Валюта': 'Рубли', 'Сумма': 'до 50000', 'Комиссия': '0%', 'Минимальная сумма комиссии': '0'}, {'': 'В банкоматах других банков', 'Валюта': 'Рубли', 'Сумма': 'Любая', 'Комиссия': '5%', 'Минимальная сумма комиссии': '300'}]",: до 30 %,30 %,валюта карты,10 000
fba1940f-1e1a-40d4-81e9-cd3091f8addb,Visa Classic,55 дней,до 500 000 ₽,,,21 год,70 лет,не требуется,постоянная в любом регионе присутствия банка,не менее 3 месяцев,"[{'': 'В банкоматах банка', 'Валюта': 'Рубли', 'Сумма': 'Любая', 'Комиссия': '3,5%', 'Минимальная сумма комиссии': '0'}, {'': 'В банкоматах других банков', 'Валюта': 'Рубли', 'Сумма': 'Любая', 'Комиссия': '4%', 'Минимальная сумма комиссии': '0'}]","[{'': 'В банкоматах банка', 'Валюта': 'Рубли', 'Сумма': 'Любая', 'Комиссия': '3,5%', 'Минимальная сумма комиссии': '0'}, {'': 'В банкоматах других банков', 'Валюта': 'Рубли', 'Сумма': 'Любая', 'Комиссия': '4%', 'Минимальная сумма комиссии': '0'}]",: до 3 %,,баллы,3 000 баллов
262c601a-b227-4222-9d84-7bed57a9f5d5,Мир Классическая,130 дней,от 10 000 ₽ до 1 000 000 ₽,,,18 лет,68 лет,требуется,постоянная в любом регионе присутствия банка,не менее 3-х месяцев.,"[{'': 'В банкоматах банка', 'Валюта': 'Рубли', 'Сумма': 'до 50000', 'Комиссия': '0%', 'Минимальная сумма комиссии': '0'}]","[{'': 'В банкоматах банка', 'Валюта': 'Рубли', 'Сумма': 'до 50000', 'Комиссия': '0%', 'Минимальная сумма комиссии': '0'}]",: до 20 %,20 %,баллы,3 000 баллов
2cb855ae-b03e-406d-bab5-661f465a3409,Мир Классическая,120 дней,до 1 000 000 ₽,,,20 лет,75 лет,требуется,"временная, постоянная в любом регионе присутствия банка",Не менее 3х месяцев.,,,: до 30 %,,бонусы,3 000 бонусов
1bc27c93-09b8-40b4-8a32-2aa99a799892,,62 дня,от 30 000 ₽ до 150 000 ₽,,,21 год,65 лет,не требуется,постоянная,не менее 6 месяцев,,,: до 20 %,20 %,валюта карты,5 000
02d82bb8-cbe0-4bb7-bb01-8f2808bf0c67,Мир Классическая,51 день,от 20 000 ₽ до 100 000 ₽,,,20 лет,65 лет,требуется,постоянная в любом регионе присутствия банка,не менее 6 месяцев,,,,,,
de00f230-55fd-400e-bb9d-1836f7071390,Visa Gold,до 62 дней,от 30 000 ₽ до 500 000 ₽,3 000 ₽,1 500 ₽,21 год,65 лет,требуется,постоянная в любом регионе присутствия банка,не менее 3 месяцев,,,,,,
e16ff1c7-ffe8-4f8c-9a7e-98cc9bdf64f6,Мир Классическая,100 дней,до 50 000 ₽,,,20 лет,67 лет,требуется,"временная в регионе обращения, постоянная в регионе обращения",не менее 3 месяцев,,,: до 10 %,10 %,,
348b238a-4c4f-4636-89f6-3e6373fe8045,,62 дня,до 500 000 ₽,бесплатно,,20 лет,65 лет,требуется,постоянная,не менее 3 месяцев,,,,,,
ee81c4a5-0c13-4080-9fd8-c1bce05c3472,Мир Supreme,62 дня,до 3 000 000 ₽,,,21 год,70 лет,требуется,постоянная в регионе обращения,не менее 3 месяцев.,"[{'': 'В банкоматах других банков', 'Валюта': 'Рубли', 'Сумма': 'Любая', 'Комиссия': '4%', 'Минимальная сумма комиссии': '0'}]","[{'': 'В банкоматах банка', 'Валюта': 'Рубли', 'Сумма': 'Любая', 'Комиссия': '0%', 'Минимальная сумма комиссии': '0'}, {'': 'В банкоматах других банков', 'Валюта': 'Рубли', 'Сумма': 'Любая', 'Комиссия': '4%', 'Минимальная сумма комиссии': '0'}]",: до 30 %,30 %,,
3c745b6f-1df8-4e77-9996-efa38cf62614,,62 дня,до 1 000 000 ₽,5 000 ₽,,20 лет,65 лет,требуется,постоянная,не менее 3 месяцев,,,: до 5 %,5 %,валюта карты,3 000
0825d952-3d16-4407-a9df-ea088e22c3a8,,62 дня,до 750 000 ₽,,,20 лет,65 лет,требуется,постоянная,не менее 3 месяцев,,,: до 5 %,5 %,валюта карты,3 000
15de0649-2ed8-43e3-9cb9-cf61b976d63f,,62 дня,до 750 000 ₽,5 000 ₽,,20 лет,65 лет,требуется,постоянная,не менее 6 месяцев,"[{'': 'В банкоматах банка', 'Валюта': 'Рубли', 'Сумма': 'Любая', 'Комиссия': '3,5%', 'Минимальная сумма комиссии': '300'}, {'': 'В банкоматах других банков', 'Валюта': 'Рубли', 'Сумма': 'Любая', 'Комиссия': '4,5%', 'Минимальная сумма комиссии': '300'}]","[{'': 'В банкоматах банка', 'Валюта': 'Рубли', 'Сумма': 'Любая', 'Комиссия': '0%', 'Минимальная сумма комиссии': '0'}, {'': 'В банкоматах других банков', 'Валюта': 'Рубли', 'Сумма': 'Любая', 'Комиссия': '4,5%', 'Минимальная сумма комиссии': '300'}]",: до 30 %,,валюта карты,3 000
e1f5e54c-3013-45d3-915d-a4b956f1629b,,62 дня,до 50 000 ₽,бесплатно,,20 лет,65 лет,требуется,постоянная,не менее 6 месяцев,,,,,,
d16ab72b-86aa-4ef8-a77b-bdbddadfa42f,Мир Классическая,62 дня,до 500 000 ₽,,,20 лет,65 лет,требуется,постоянная,не менее 6 месяцев,,,: до 5 %,5 %,валюта карты,3 000
dc868641-37a8-4e2e-96a8-545fec12947c,Мир Классическая,100 дней,от 10 000 ₽ до 100 000 ₽,,,21 год,70 лет,требуется,постоянная в любом регионе присутствия банка,не менее 3 месяцев,,,,,,
22385e3c-d7cf-45a9-a73b-aaeb7eb35821,,100 дней,от 10 000 ₽ до 3 000 000 ₽,бесплатно,,21 год,70 лет,требуется,постоянная в любом регионе присутствия банка,не менее 3 месяцев,,"[{'': 'В банкоматах банка', 'Валюта': 'Рубли', 'Сумма': 'до 20000', 'Комиссия': '0%', 'Минимальная сумма комиссии': '0'}, {'': 'В банкоматах других банков', 'Валюта': 'Рубли', 'Сумма': 'до 20000', 'Комиссия': '0%', 'Минимальная сумма комиссии': '0'}]",,,,
aa484c6c-8d36-4ff5-9384-48a361ba3189,Мир Классическая,100 дней,от 10 000 ₽ до 3 000 000 ₽,бесплатно,0 — 1 000 ₽,21 год,73 года,требуется,постоянная в любом регионе присутствия банка,От 3 месяцев.,,,,,,
7bcbe482-b2b6-40be-a50a-b4f53f7b120b,,120 дней,до 1 000 000 ₽,,,18 лет,70 лет,требуется,постоянная в любом регионе присутствия банка,не менее 3 месяцев,"[{'': 'В банкоматах банка', 'Валюта': 'Рубли', 'Сумма': 'Любая', 'Комиссия': '0%', 'Минимальная сумма комиссии': '0'}, {'': 'В банкоматах других банков', 'Валюта': 'Рубли', 'Сумма': 'Любая', 'Комиссия': '0%', 'Минимальная сумма комиссии': '0'}]","[{'': 'В банкоматах банка', 'Валюта': 'Рубли', 'Сумма': 'Любая', 'Комиссия': '0%', 'Минимальная сумма комиссии': '0'}, {'': 'В банкоматах других банков', 'Валюта': 'Рубли', 'Сумма': 'Любая', 'Комиссия': '0%', 'Минимальная сумма комиссии': '0'}]",,,,
90f6abac-9409-4bdb-9b26-d6b2f1de299a,Мир Supreme,120 дней,от 200 000 ₽ до 1 500 000 ₽,,,18 лет,70 лет,требуется,постоянная в любом регионе присутствия банка,не менее 3 месяцев,"[{'': 'В банкоматах банка', 'Валюта': 'Рубли', 'Сумма': 'Любая', 'Комиссия': '0%', 'Минимальная сумма комиссии': '0'}, {'': 'В банкоматах других банков', 'Валюта': 'Рубли', 'Сумма': 'Любая', 'Комиссия': '0%', 'Минимальная сумма комиссии': '0'}]","[{'': 'В банкоматах банка', 'Валюта': 'Рубли', 'Сумма': 'Любая', 'Комиссия': '0%', 'Минимальная сумма комиссии': '0'}, {'': 'В банкоматах других банков', 'Валюта': 'Рубли', 'Сумма': 'Любая', 'Комиссия': '0%', 'Минимальная сумма комиссии': '0'}]",: до 5 %,,,
686602db-d6e8-438b-a6cd-8978eaed08be,,до 117 дней,до 1 000 000 ₽,,,21 год,67 лет,требуется,"временная в регионе обращения, постоянная в любом регионе присутствия банка",Не менее 3-х месяцев.,"[{'': 'В банкоматах банка', 'Валюта': 'Рубли', 'Сумма': 'Любая', 'Комиссия': '4%', 'Минимальная сумма комиссии': '300'}, {'': 'В банкоматах других банков', 'Валюта': 'Рубли', 'Сумма': 'Любая', 'Комиссия': '4%', 'Минимальная сумма комиссии': '300'}]","[{'': 'В банкоматах банка', 'Валюта': 'Рубли', 'Сумма': 'Любая', 'Комиссия': '4%', 'Минимальная сумма комиссии': '300'}, {'': 'В банкоматах других банков', 'Валюта': 'Рубли', 'Сумма': 'Любая', 'Комиссия': '4%', 'Минимальная сумма комиссии': '300'}]",: до 20 %,7 %,валюта карты,6 000
20c12610-5831-4ded-a0da-5f8e37e498c7,,120 дней,от 9 999 ₽ до 299 999 ₽,,,18 лет,70 лет,требуется,постоянная,От 3 месяцев.,"[{'': 'В банкоматах банка', 'Валюта': 'Рубли', 'Сумма': 'до 20000', 'Комиссия': '0%', 'Минимальная сумма комиссии': '0'}, {'': 'В банкоматах других банков', 'Валюта': 'Рубли', 'Сумма': 'до 20000', 'Комиссия': '0%', 'Минимальная сумма комиссии': '0'}]","[{'': 'В банкоматах банка', 'Валюта': 'Рубли', 'Сумма': 'Любая', 'Комиссия': '0%', 'Минимальная сумма комиссии': '0'}, {'': 'В банкоматах других банков', 'Валюта': 'Рубли', 'Сумма': 'Любая', 'Комиссия': '0%', 'Минимальная сумма комиссии': '0'}]",: до 8 %,,валюта карты,5 000
2379bcc3-38fe-4de6-988f-49564032c8dc,,3 года,от 9 999 ₽ до 299 999 ₽,0 — 274 ₽ в месяц,,18 лет,70 лет,требуется,постоянная,От 3 месяцев.,"[{'': 'В банкоматах банка', 'Валюта': 'Рубли', 'Сумма': 'Любая', 'Комиссия': '0%', 'Минимальная сумма комиссии': '0'}, {'': 'В банкоматах других банков', 'Валюта': 'Рубли', 'Сумма': 'Любая', 'Комиссия': '0%', 'Минимальная сумма комиссии': '0'}]","[{'': 'В банкоматах банка', 'Валюта': 'Рубли', 'Сумма': 'Любая', 'Комиссия': '0%', 'Минимальная сумма комиссии': '0'}, {'': 'В банкоматах других банков', 'Валюта': 'Рубли', 'Сумма': 'Любая', 'Комиссия': '0%', 'Минимальная сумма комиссии': '0'}]",,,,
75cdcd4f-b8c2-4783-84bb-c0d0851c2a97,Мир Классическая,120 дней,до 1 500 000 ₽,,,18 лет,70 лет,требуется,постоянная,не менее 3 месяцев,,"[{'': 'В банкоматах банка', 'Валюта': 'Рубли', 'Сумма': 'Любая', 'Комиссия': '0%', 'Минимальная сумма комиссии': '0'}, {'': 'В банкоматах других банков', 'Валюта': 'Рубли', 'Сумма': 'Любая', 'Комиссия': '4,9%', 'Минимальная сумма комиссии': '0'}]",: до 30 %,,баллы,5 000 баллов
a06af17f-b4c2-47f7-8b07-0f321b28529c,Мир Классическая,120 дней,до 750 000 ₽,,,23 года,65 лет,не требуется,постоянная,не менее 3 месяцев,"[{'': 'В банкоматах банка', 'Валюта': 'Рубли', 'Сумма': 'от 10000', 'Комиссия': '4,5%', 'Минимальная сумма комиссии': '400'}, {'': 'В банкоматах других банков', 'Валюта': 'Рубли', 'Сумма': 'от 10000', 'Комиссия': '4,5%', 'Минимальная сумма комиссии': '400'}]","[{'': 'В банкоматах банка', 'Валюта': 'Рубли', 'Сумма': 'Любая', 'Комиссия': '1%', 'Минимальная сумма комиссии': '150'}, {'': 'В банкоматах других банков', 'Валюта': 'Рубли', 'Сумма': 'Любая', 'Комиссия': '1%', 'Минимальная сумма комиссии': '150'}]",: до 30 %,,валюта карты,2 000
4d94d190-023f-4b2c-bde0-b698ef1e0799,MasterСard Standard/Unembossed,50 дней,от 50 000 ₽ до 299 000 ₽,,,18 лет,70 лет,требуется,постоянная,не менее 3 месяцев,"[{'': 'В банкоматах банка', 'Валюта': 'Рубли', 'Сумма': 'Любая', 'Комиссия': '3%', 'Минимальная сумма комиссии': '100'}, {'': 'В банкоматах других банков', 'Валюта': 'Рубли', 'Сумма': 'Любая', 'Комиссия': '3%', 'Минимальная сумма комиссии': '100'}]","[{'': 'В банкоматах банка', 'Валюта': 'Рубли', 'Сумма': 'Любая', 'Комиссия': '3%', 'Минимальная сумма комиссии': '100'}, {'': 'В банкоматах других банков', 'Валюта': 'Рубли', 'Сумма': 'Любая', 'Комиссия': '3%', 'Минимальная сумма комиссии': '100'}]",,,,
b51257b0-fed9-46cb-ba40-6c1edc4f1736,MasterСard Platinum/Unembossed,112 дней,от 50 000 ₽ до 299 000 ₽,,,18 лет,70 лет,требуется,постоянная,не менее 3 месяцев,"[{'': 'В банкоматах банка', 'Валюта': 'Рубли', 'Сумма': 'Любая', 'Комиссия': '2,5%', 'Минимальная сумма комиссии': '300'}, {'': 'В банкоматах других банков', 'Валюта': 'Рубли', 'Сумма': 'Любая', 'Комиссия': '2,5%', 'Минимальная сумма комиссии': '300'}]","[{'': 'В банкоматах банка', 'Валюта': 'Рубли', 'Сумма': 'Любая', 'Комиссия': '2,5%', 'Минимальная сумма комиссии': '300'}, {'': 'В банкоматах других банков', 'Валюта': 'Рубли', 'Сумма': 'Любая', 'Комиссия': '2,5%', 'Минимальная сумма комиссии': '300'}]",: до 1 %,,,
c9b06b97-1abc-4693-b586-491ba9753df6,,212 дней,от 30 000 ₽ до 500 000 ₽,,,21 год,70 лет,требуется,"временная в регионе обращения, постоянная в регионе обращения",Для работающих по найму — стаж на последнем месте работы от 3 месяцев Для пенсионеров — регулярное поступление пенсионных или иных социальных выплат Для индивидуальных предпринимателей — стаж ведения ИП не менее 6 месяцев Для самозанятых — срок регистрации в качестве самозанятых не менее 6 месяцев,"[{'': 'В банкоматах банка', 'Валюта': 'Рубли', 'Сумма': 'до 30000', 'Комиссия': '0%', 'Минимальная сумма комиссии': '0'}, {'': 'В банкоматах других банков', 'Валюта': 'Рубли', 'Сумма': 'от 30000', 'Комиссия': '4,9%', 'Минимальная сумма комиссии': '590'}]","[{'': 'В банкоматах банка', 'Валюта': 'Рубли', 'Сумма': 'Любая', 'Комиссия': '0%', 'Минимальная сумма комиссии': '0'}, {'': 'В банкоматах других банков', 'Валюта': 'Рубли', 'Сумма': 'Любая', 'Комиссия': '0%', 'Минимальная сумма комиссии': '0'}]",: до 7 %,,баллы,5 000 баллов
661ec847-0a7e-45a7-9739-1009c4f8661c,Мир Supreme,56 дней,от 300 000 ₽ до 3 000 000 ₽,,,21 год,73 года,требуется,постоянная,От 3 месяцев.,"[{'': 'В банкоматах банка', 'Валюта': 'Рубли', 'Сумма': 'Любая', 'Комиссия': '3,9%', 'Минимальная сумма комиссии': '390'}, {'': 'В банкоматах других банков', 'Валюта': 'Рубли', 'Сумма': 'Любая', 'Комиссия': '3,9%', 'Минимальная сумма комиссии': '390'}]","[{'': 'В банкоматах банка', 'Валюта': 'Рубли', 'Сумма': 'Любая', 'Комиссия': '3,9%', 'Минимальная сумма комиссии': '390'}, {'': 'В банкоматах других банков', 'Валюта': 'Рубли', 'Сумма': 'Любая', 'Комиссия': '3,9%', 'Минимальная сумма комиссии': '390'}]",: до 5 %,,валюта карты,15 000
56de9849-4033-444f-945b-f291a933cff4,,120 дней,до 1 000 000 ₽,,,18 лет,75 лет,не требуется,постоянная в любом регионе присутствия банка,не менее 3 месяцев; в течение одного месяца из последних двух месяцев - если источником дохода является стипендия.,"[{'': 'В банкоматах банка', 'Валюта': 'Рубли', 'Сумма': 'до 50000', 'Комиссия': '0%', 'Минимальная сумма комиссии': '0'}, {'': 'В банкоматах других банков', 'Валюта': 'Рубли', 'Сумма': 'до 50000', 'Комиссия': '0%', 'Минимальная сумма комиссии': '0'}]","[{'': 'В банкоматах банка', 'Валюта': 'Рубли', 'Сумма': 'до 50000', 'Комиссия': '0%', 'Минимальная сумма комиссии': '0'}, {'': 'В банкоматах других банков', 'Валюта': 'Рубли', 'Сумма': 'до 50000', 'Комиссия': '0%', 'Минимальная сумма комиссии': '0'}]",: до 3 %,,,
aa1d4c93-3339-4287-b7ba-af39beddfef7,,100 дней,от 5 000 ₽ до 2 000 000 ₽,бесплатно,,21 год,65 лет,требуется,"временная в регионе обращения, постоянная в любом регионе присутствия банка",Не менее 4 месяцев,,"[{'': 'В банкоматах банка', 'Валюта': 'Рубли', 'Сумма': 'Любая', 'Комиссия': '0%', 'Минимальная сумма комиссии': '0'}, {'': 'В банкоматах других банков', 'Валюта': 'Рубли', 'Сумма': 'Любая', 'Комиссия': '1%', 'Минимальная сумма комиссии': '300'}]",,,,
cda76c41-4e61-4a1e-9965-897786a0cefc,Мир Virtual,110 дней,до 1 000 000 ₽,,,18 лет,70 лет,не требуется,постоянная,не менее 3 месяцев,,,: до 30 %,30 %,,
13207dc3-bd1e-4f82-92b8-940ed6f0e1fa,Мир Классическая/Virtual,110 дней,от 10 000 ₽ до 1 000 000 ₽,,,18 лет,70 лет,требуется,постоянная в любом регионе присутствия банка,"стаж не менее 3-х месяцев на последнем месте работы. Требование не распространяется на пенсионеров, которые получают пенсию в ВТБ","[{'': 'В банкоматах банка', 'Валюта': 'Рубли', 'Сумма': 'до 100000', 'Комиссия': '0%', 'Минимальная сумма комиссии': '0'}, {'': 'В банкоматах других банков', 'Валюта': 'Рубли', 'Сумма': 'Любая', 'Комиссия': '5,9%', 'Минимальная сумма комиссии': '590'}]","[{'': 'В банкоматах банка', 'Валюта': 'Рубли', 'Сумма': 'Любая', 'Комиссия': '0%', 'Минимальная сумма комиссии': '0'}, {'': 'В банкоматах других банков', 'Валюта': 'Рубли', 'Сумма': 'Любая', 'Комиссия': '1%', 'Минимальная сумма комиссии': '300'}]",: до 50 %,50 %,валюта карты,3 000
7c4ded39-888e-4426-9d6b-fb0cb6654a94,Visa Signature,до 110 дней,до 1 000 000 ₽,,,18 лет,70 лет,требуется,постоянная в любом регионе присутствия банка,не менее 3 месяцев,"[{'': 'В банкоматах банка', 'Валюта': 'Рубли', 'Сумма': 'до 100000', 'Комиссия': '0%', 'Минимальная сумма комиссии': '0'}, {'': 'В банкоматах других банков', 'Валюта': 'Рубли', 'Сумма': 'Любая', 'Комиссия': '5,9%', 'Минимальная сумма комиссии': '590'}]","[{'': 'В банкоматах банка', 'Валюта': 'Рубли', 'Сумма': 'Любая', 'Комиссия': '0%', 'Минимальная сумма комиссии': '0'}, {'': 'В банкоматах других банков', 'Валюта': 'Рубли', 'Сумма': 'Любая', 'Комиссия': '1%', 'Минимальная сумма комиссии': '300'}]",: до 30 %,30 %,валюта карты,30 000
53dd68f2-e6ee-4285-adac-6db69964f625,Мир Supreme,110 дней,до 1 000 000 ₽,,,18 лет,70 лет,требуется,постоянная в любом регионе присутствия банка,не менее 3 месяцев,"[{'': 'В банкоматах банка', 'Валюта': 'Рубли', 'Сумма': 'до 100000', 'Комиссия': '0%', 'Минимальная сумма комиссии': '0'}, {'': 'В банкоматах других банков', 'Валюта': 'Рубли', 'Сумма': 'Любая', 'Комиссия': '5,5%', 'Минимальная сумма комиссии': '590'}]","[{'': 'В банкоматах банка', 'Валюта': 'Рубли', 'Сумма': 'Любая', 'Комиссия': '0%', 'Минимальная сумма комиссии': '0'}, {'': 'В банкоматах других банков', 'Валюта': 'Рубли', 'Сумма': 'Любая', 'Комиссия': '1%', 'Минимальная сумма комиссии': '300'}]",: до 30 %,30 %,валюта карты,30 000
dc198090-1f85-4229-af6f-b57f1902744c,Мир Классическая,200 дней,от 10 000 ₽ до 1 000 000 ₽,,,18 лет,70 лет,требуется,постоянная в любом регионе присутствия банка,не менее 3 месяцев,,,: до 50 %,50 %,валюта карты,3 000
ea090ad6-fdae-4c26-9f8e-51c5bf38d0b9,Мир Классическая,115 дней,от 50 000 ₽ до 1 000 000 ₽,,,21 год,66 лет,требуется,постоянная,не менее 3 месяцев,"[{'': 'В банкоматах банка', 'Валюта': 'Рубли', 'Сумма': 'Любая', 'Комиссия': '5%', 'Минимальная сумма комиссии': '500'}, {'': 'В банкоматах других банков', 'Валюта': 'Рубли', 'Сумма': 'Любая', 'Комиссия': '5%', 'Минимальная сумма комиссии': '500'}]","[{'': 'В банкоматах банка', 'Валюта': 'Рубли', 'Сумма': 'Любая', 'Комиссия': '0%', 'Минимальная сумма комиссии': '0'}, {'': 'В банкоматах других банков', 'Валюта': 'Рубли', 'Сумма': 'до 50000', 'Комиссия': '0%', 'Минимальная сумма комиссии': '0'}]",: до 30 %,,,
f62aa11e-8b13-49ff-bf9b-f16cf9319cee,Мир Supreme,115 дней,от 30 000 ₽ до 1 000 000 ₽,,,21 год,66 лет,требуется,постоянная,не менее 3 месяцев,"[{'': 'В банкоматах банка', 'Валюта': 'Рубли', 'Сумма': 'Любая', 'Комиссия': '4,9%', 'Минимальная сумма комиссии': '490'}, {'': 'В банкоматах других банков', 'Валюта': 'Рубли', 'Сумма': 'Любая', 'Комиссия': '4,9%', 'Минимальная сумма комиссии': '490'}]","[{'': 'В банкоматах банка', 'Валюта': 'Рубли', 'Сумма': 'Любая', 'Комиссия': '0%', 'Минимальная сумма комиссии': '0'}, {'': 'В банкоматах других банков', 'Валюта': 'Рубли', 'Сумма': 'Любая', 'Комиссия': '0%', 'Минимальная сумма комиссии': '0'}]",: до 30 %,,бонусы,17 000 бонусов
8468f42c-9eb1-45c9-b041-0dd5714eb0b1,,415 дней,до 1 000 000 ₽,,,18 лет,70 лет,требуется,постоянная,от 3-х месяцев,"[{'': 'В банкоматах банка', 'Валюта': 'Рубли', 'Сумма': 'до 50000', 'Комиссия': '0%', 'Минимальная сумма комиссии': '0'}, {'': 'В банкоматах других банков', 'Валюта': 'Рубли', 'Сумма': 'до 50000', 'Комиссия': '0%', 'Минимальная сумма комиссии': '0'}]","[{'': 'В банкоматах банка', 'Валюта': 'Рубли', 'Сумма': 'Любая', 'Комиссия': '0%', 'Минимальная сумма комиссии': '0'}, {'': 'В банкоматах других банков', 'Валюта': 'Рубли', 'Сумма': 'Любая', 'Комиссия': '0%', 'Минимальная сумма комиссии': '0'}]",: до 5 %,,валюта карты,10 000
df665bbe-6fa4-40d4-9644-8c3c028b38be,Visa Classic,50 дней,до 300 000 ₽,,,18 лет,65 лет,требуется,постоянная в любом регионе присутствия банка,не менее 3 месяцев,,,,,,
